{"0": {"precision": 0.9248434237995825, "recall": 0.9630434782608696, "f1-score": 0.9435569755058574, "support": 460}, "1": {"precision": 0.9288079470198676, "recall": 0.9824868651488616, "f1-score": 0.9548936170212766, "support": 571}, "2": {"precision": 0.8595194085027726, "recall": 0.8773584905660378, "f1-score": 0.8683473389355743, "support": 530}, "3": {"precision": 0.819366852886406, "recall": 0.88, "f1-score": 0.8486017357762777, "support": 500}, "4": {"precision": 0.8511029411764706, "recall": 0.926, "f1-score": 0.8869731800766283, "support": 500}, "5": {"precision": 0.8258064516129032, "recall": 0.8421052631578947, "f1-score": 0.8338762214983714, "support": 456}, "6": {"precision": 0.9495412844036697, "recall": 0.8961038961038961, "f1-score": 0.9220489977728284, "support": 462}, "7": {"precision": 0.8773006134969326, "recall": 0.837890625, "f1-score": 0.8571428571428571, "support": 512}, "8": {"precision": 0.8982630272952854, "recall": 0.7402862985685071, "f1-score": 0.8116591928251121, "support": 489}, "9": {"precision": 0.8625498007968128, "recall": 0.8326923076923077, "f1-score": 0.8473581213307241, "support": 520}, "accuracy": 0.8788, "macro avg": {"precision": 0.8797101750990702, "recall": 0.8777967224498374, "f1-score": 0.8774458237885507, "support": 5000}, "weighted avg": {"precision": 0.8797535484872413, "recall": 0.8788, "f1-score": 0.8779821833658108, "support": 5000}}