{"0": {"precision": 0.9285714285714286, "recall": 0.9608695652173913, "f1-score": 0.9444444444444444, "support": 460}, "1": {"precision": 0.9272727272727272, "recall": 0.9824868651488616, "f1-score": 0.9540816326530612, "support": 571}, "2": {"precision": 0.85451197053407, "recall": 0.8754716981132076, "f1-score": 0.8648648648648649, "support": 530}, "3": {"precision": 0.8210922787193974, "recall": 0.872, "f1-score": 0.8457807953443259, "support": 500}, "4": {"precision": 0.8439201451905626, "recall": 0.93, "f1-score": 0.884871550903901, "support": 500}, "5": {"precision": 0.8151260504201681, "recall": 0.8508771929824561, "f1-score": 0.832618025751073, "support": 456}, "6": {"precision": 0.9494252873563218, "recall": 0.8939393939393939, "f1-score": 0.9208472686733556, "support": 462}, "7": {"precision": 0.8801652892561983, "recall": 0.83203125, "f1-score": 0.8554216867469878, "support": 512}, "8": {"precision": 0.9037974683544304, "recall": 0.7300613496932515, "f1-score": 0.8076923076923077, "support": 489}, "9": {"precision": 0.8551587301587301, "recall": 0.8288461538461539, "f1-score": 0.841796875, "support": 520}, "accuracy": 0.8766, "macro avg": {"precision": 0.8779041375834036, "recall": 0.8756583468940716, "f1-score": 0.875241945207432, "support": 5000}, "weighted avg": {"precision": 0.8779258464621736, "recall": 0.8766, "f1-score": 0.8757413366274821, "support": 5000}}