{"0": {"precision": 0.9269311064718163, "recall": 0.9652173913043478, "f1-score": 0.9456869009584665, "support": 460}, "1": {"precision": 0.9272727272727272, "recall": 0.9824868651488616, "f1-score": 0.9540816326530612, "support": 571}, "2": {"precision": 0.8592592592592593, "recall": 0.8754716981132076, "f1-score": 0.8672897196261683, "support": 530}, "3": {"precision": 0.8217636022514071, "recall": 0.876, "f1-score": 0.8480154888673765, "support": 500}, "4": {"precision": 0.840867992766727, "recall": 0.93, "f1-score": 0.8831908831908832, "support": 500}, "5": {"precision": 0.8212765957446808, "recall": 0.8464912280701754, "f1-score": 0.8336933045356371, "support": 456}, "6": {"precision": 0.9516129032258065, "recall": 0.8939393939393939, "f1-score": 0.921875, "support": 462}, "7": {"precision": 0.8783505154639175, "recall": 0.83203125, "f1-score": 0.8545636910732196, "support": 512}, "8": {"precision": 0.9020100502512562, "recall": 0.7341513292433538, "f1-score": 0.8094701240135288, "support": 489}, "9": {"precision": 0.8548707753479126, "recall": 0.8269230769230769, "f1-score": 0.8406647116324536, "support": 520}, "accuracy": 0.8772, "macro avg": {"precision": 0.878421552805551, "recall": 0.8762712232742418, "f1-score": 0.8758531456550795, "support": 5000}, "weighted avg": {"precision": 0.8784125423574879, "recall": 0.8772, "f1-score": 0.8763293743012044, "support": 5000}}