{"0": {"precision": 0.9324894514767933, "recall": 0.9608695652173913, "f1-score": 0.9464668094218416, "support": 460}, "1": {"precision": 0.9004815409309791, "recall": 0.9824868651488616, "f1-score": 0.9396984924623115, "support": 571}, "2": {"precision": 0.9048582995951417, "recall": 0.8433962264150944, "f1-score": 0.8730468750000001, "support": 530}, "3": {"precision": 0.8768267223382046, "recall": 0.84, "f1-score": 0.8580183861082737, "support": 500}, "4": {"precision": 0.849624060150376, "recall": 0.904, "f1-score": 0.875968992248062, "support": 500}, "5": {"precision": 0.821501014198783, "recall": 0.8881578947368421, "f1-score": 0.8535300316122234, "support": 456}, "6": {"precision": 0.9076923076923077, "recall": 0.8939393939393939, "f1-score": 0.900763358778626, "support": 462}, "7": {"precision": 0.8858921161825726, "recall": 0.833984375, "f1-score": 0.8591549295774648, "support": 512}, "8": {"precision": 0.8798185941043084, "recall": 0.7934560327198364, "f1-score": 0.8344086021505378, "support": 489}, "9": {"precision": 0.8444022770398482, "recall": 0.8557692307692307, "f1-score": 0.8500477554918816, "support": 520}, "accuracy": 0.88, "macro avg": {"precision": 0.8803586383709314, "recall": 0.879605958394665, "f1-score": 0.8791104232851223, "support": 5000}, "weighted avg": {"precision": 0.8805551892544652, "recall": 0.88, "f1-score": 0.8793902867760295, "support": 5000}}