{"0": {"precision": 0.9514767932489452, "recall": 0.9804347826086957, "f1-score": 0.9657387580299787, "support": 460}, "1": {"precision": 0.9574105621805792, "recall": 0.9842381786339754, "f1-score": 0.9706390328151986, "support": 571}, "2": {"precision": 0.9371428571428572, "recall": 0.9283018867924528, "f1-score": 0.932701421800948, "support": 530}, "3": {"precision": 0.9083665338645418, "recall": 0.912, "f1-score": 0.9101796407185629, "support": 500}, "4": {"precision": 0.9063097514340345, "recall": 0.948, "f1-score": 0.9266862170087977, "support": 500}, "5": {"precision": 0.9202586206896551, "recall": 0.9364035087719298, "f1-score": 0.9282608695652174, "support": 456}, "6": {"precision": 0.9497816593886463, "recall": 0.9415584415584416, "f1-score": 0.9456521739130435, "support": 462}, "7": {"precision": 0.9290060851926978, "recall": 0.89453125, "f1-score": 0.9114427860696518, "support": 512}, "8": {"precision": 0.9418103448275862, "recall": 0.8936605316973415, "f1-score": 0.9171038824763903, "support": 489}, "9": {"precision": 0.9137254901960784, "recall": 0.8961538461538462, "f1-score": 0.9048543689320389, "support": 520}, "accuracy": 0.9316, "macro avg": {"precision": 0.9315288698165622, "recall": 0.9315282426216681, "f1-score": 0.9313259151329827, "support": 5000}, "weighted avg": {"precision": 0.9316310599295954, "recall": 0.9316, "f1-score": 0.9314128873124586, "support": 5000}}