{"0": {"precision": 0.0, "recall": 0.0, "f1-score": 0.0, "support": 460}, "1": {"precision": 0.11422284456891378, "recall": 1.0, "f1-score": 0.2050269299820467, "support": 571}, "2": {"precision": 0.0, "recall": 0.0, "f1-score": 0.0, "support": 530}, "3": {"precision": 0.0, "recall": 0.0, "f1-score": 0.0, "support": 500}, "4": {"precision": 0.0, "recall": 0.0, "f1-score": 0.0, "support": 500}, "5": {"precision": 0.0, "recall": 0.0, "f1-score": 0.0, "support": 456}, "6": {"precision": 0.0, "recall": 0.0, "f1-score": 0.0, "support": 462}, "7": {"precision": 0.0, "recall": 0.0, "f1-score": 0.0, "support": 512}, "8": {"precision": 0.0, "recall": 0.0, "f1-score": 0.0, "support": 489}, "9": {"precision": 0.0, "recall": 0.0, "f1-score": 0.0, "support": 520}, "accuracy": 0.1142, "macro avg": {"precision": 0.011422284456891378, "recall": 0.1, "f1-score": 0.020502692998204668, "support": 5000}, "weighted avg": {"precision": 0.013044248849769954, "recall": 0.1142, "f1-score": 0.02341407540394973, "support": 5000}}