{"0": {"precision": 0.939203354297694, "recall": 0.9739130434782609, "f1-score": 0.9562433297758806, "support": 460}, "1": {"precision": 0.947986577181208, "recall": 0.989492119089317, "f1-score": 0.9682947729220224, "support": 571}, "2": {"precision": 0.9104204753199269, "recall": 0.939622641509434, "f1-score": 0.924791086350975, "support": 530}, "3": {"precision": 0.8908045977011494, "recall": 0.93, "f1-score": 0.9099804305283757, "support": 500}, "4": {"precision": 0.9001883239171374, "recall": 0.956, "f1-score": 0.9272550921435498, "support": 500}, "5": {"precision": 0.9415887850467289, "recall": 0.8837719298245614, "f1-score": 0.9117647058823529, "support": 456}, "6": {"precision": 0.9473684210526315, "recall": 0.935064935064935, "f1-score": 0.9411764705882352, "support": 462}, "7": {"precision": 0.9390243902439024, "recall": 0.90234375, "f1-score": 0.9203187250996016, "support": 512}, "8": {"precision": 0.9541484716157205, "recall": 0.8936605316973415, "f1-score": 0.9229144667370642, "support": 489}, "9": {"precision": 0.9330628803245437, "recall": 0.8846153846153846, "f1-score": 0.9081934846989141, "support": 520}, "accuracy": 0.9296, "macro avg": {"precision": 0.9303796276700643, "recall": 0.9288484335279235, "f1-score": 0.929093256472697, "support": 5000}, "weighted avg": {"precision": 0.9301907351954931, "recall": 0.9296, "f1-score": 0.9293764985920667, "support": 5000}}