{"0": {"precision": 0.9315352697095436, "recall": 0.9760869565217392, "f1-score": 0.9532908704883227, "support": 460}, "1": {"precision": 0.9380234505862647, "recall": 0.9807355516637478, "f1-score": 0.9589041095890412, "support": 571}, "2": {"precision": 0.9153543307086615, "recall": 0.8773584905660378, "f1-score": 0.8959537572254336, "support": 530}, "3": {"precision": 0.8725490196078431, "recall": 0.89, "f1-score": 0.8811881188118812, "support": 500}, "4": {"precision": 0.8869395711500975, "recall": 0.91, "f1-score": 0.8983218163869694, "support": 500}, "5": {"precision": 0.8553191489361702, "recall": 0.881578947368421, "f1-score": 0.8682505399568033, "support": 456}, "6": {"precision": 0.9177489177489178, "recall": 0.9177489177489178, "f1-score": 0.9177489177489178, "support": 462}, "7": {"precision": 0.9130434782608695, "recall": 0.861328125, "f1-score": 0.88643216080402, "support": 512}, "8": {"precision": 0.8881578947368421, "recall": 0.8282208588957055, "f1-score": 0.8571428571428571, "support": 489}, "9": {"precision": 0.8631984585741811, "recall": 0.8615384615384616, "f1-score": 0.8623676612127046, "support": 520}, "accuracy": 0.8988, "macro avg": {"precision": 0.8981869540019393, "recall": 0.8984596309303031, "f1-score": 0.8979600809366952, "support": 5000}, "weighted avg": {"precision": 0.8987351813550114, "recall": 0.8988, "f1-score": 0.8984016118908601, "support": 5000}}