{"0": {"precision": 0.9192546583850931, "recall": 0.9652173913043478, "f1-score": 0.9416755037115588, "support": 460}, "1": {"precision": 0.9337748344370861, "recall": 0.9877408056042032, "f1-score": 0.9600000000000001, "support": 571}, "2": {"precision": 0.87569573283859, "recall": 0.8905660377358491, "f1-score": 0.8830682881197381, "support": 530}, "3": {"precision": 0.8148148148148148, "recall": 0.88, "f1-score": 0.8461538461538461, "support": 500}, "4": {"precision": 0.8707865168539326, "recall": 0.93, "f1-score": 0.8994197292069633, "support": 500}, "5": {"precision": 0.8699763593380615, "recall": 0.8070175438596491, "f1-score": 0.8373151308304893, "support": 456}, "6": {"precision": 0.9274725274725275, "recall": 0.9134199134199135, "f1-score": 0.9203925845147221, "support": 462}, "7": {"precision": 0.891566265060241, "recall": 0.8671875, "f1-score": 0.8792079207920792, "support": 512}, "8": {"precision": 0.874439461883408, "recall": 0.7975460122699386, "f1-score": 0.8342245989304812, "support": 489}, "9": {"precision": 0.895397489539749, "recall": 0.823076923076923, "f1-score": 0.8577154308617234, "support": 520}, "accuracy": 0.8874, "macro avg": {"precision": 0.8873178660623504, "recall": 0.8861772127270825, "f1-score": 0.8859173033121601, "support": 5000}, "weighted avg": {"precision": 0.8875706048485016, "recall": 0.8874, "f1-score": 0.8866566188332669, "support": 5000}}