{"0": {"precision": 0.9161425576519916, "recall": 0.95, "f1-score": 0.9327641408751333, "support": 460}, "1": {"precision": 0.8832807570977917, "recall": 0.9807355516637478, "f1-score": 0.929460580912863, "support": 571}, "2": {"precision": 0.8376865671641791, "recall": 0.8471698113207548, "f1-score": 0.8424015009380862, "support": 530}, "3": {"precision": 0.8634259259259259, "recall": 0.746, "f1-score": 0.8004291845493562, "support": 500}, "4": {"precision": 0.8171428571428572, "recall": 0.858, "f1-score": 0.8370731707317073, "support": 500}, "5": {"precision": 0.72, "recall": 0.868421052631579, "f1-score": 0.7872763419483102, "support": 456}, "6": {"precision": 0.903755868544601, "recall": 0.8333333333333334, "f1-score": 0.867117117117117, "support": 462}, "7": {"precision": 0.8597938144329897, "recall": 0.814453125, "f1-score": 0.8365095285857573, "support": 512}, "8": {"precision": 0.896551724137931, "recall": 0.6912065439672802, "f1-score": 0.7806004618937643, "support": 489}, "9": {"precision": 0.7759856630824373, "recall": 0.8326923076923077, "f1-score": 0.8033395176252319, "support": 520}, "accuracy": 0.8434, "macro avg": {"precision": 0.8473765735180704, "recall": 0.8422011725609003, "f1-score": 0.8416971545177327, "support": 5000}, "weighted avg": {"precision": 0.8476066286235547, "recall": 0.8434, "f1-score": 0.842473328669028, "support": 5000}}