{"0": {"precision": 0.9635922330097088, "recall": 0.8630434782608696, "f1-score": 0.9105504587155963, "support": 460}, "1": {"precision": 0.9259868421052632, "recall": 0.9859894921190894, "f1-score": 0.9550466497031384, "support": 571}, "2": {"precision": 0.9017013232514177, "recall": 0.9, "f1-score": 0.9008498583569406, "support": 530}, "3": {"precision": 0.9133489461358314, "recall": 0.78, "f1-score": 0.8414239482200647, "support": 500}, "4": {"precision": 0.7557377049180328, "recall": 0.922, "f1-score": 0.8306306306306307, "support": 500}, "5": {"precision": 0.7495621716287215, "recall": 0.9385964912280702, "f1-score": 0.8334956183057448, "support": 456}, "6": {"precision": 0.9410430839002267, "recall": 0.8982683982683982, "f1-score": 0.9191583610188261, "support": 462}, "7": {"precision": 0.8811881188118812, "recall": 0.869140625, "f1-score": 0.8751229105211407, "support": 512}, "8": {"precision": 0.9392405063291139, "recall": 0.7586912065439673, "f1-score": 0.8393665158371041, "support": 489}, "9": {"precision": 0.8804780876494024, "recall": 0.85, "f1-score": 0.8649706457925636, "support": 520}, "accuracy": 0.8778, "macro avg": {"precision": 0.8851879017739599, "recall": 0.8765729691420395, "f1-score": 0.8770615597101749, "support": 5000}, "weighted avg": {"precision": 0.8858607451811331, "recall": 0.8778, "f1-score": 0.878137123865122, "support": 5000}}