{"0": {"precision": 0.9287211740041929, "recall": 0.9630434782608696, "f1-score": 0.9455709711846317, "support": 460}, "1": {"precision": 0.9304635761589404, "recall": 0.9842381786339754, "f1-score": 0.9565957446808512, "support": 571}, "2": {"precision": 0.8222996515679443, "recall": 0.8905660377358491, "f1-score": 0.8550724637681159, "support": 530}, "3": {"precision": 0.8315789473684211, "recall": 0.79, "f1-score": 0.8102564102564104, "support": 500}, "4": {"precision": 0.883399209486166, "recall": 0.894, "f1-score": 0.8886679920477136, "support": 500}, "5": {"precision": 0.7849686847599165, "recall": 0.8245614035087719, "f1-score": 0.8042780748663103, "support": 456}, "6": {"precision": 0.925, "recall": 0.8809523809523809, "f1-score": 0.9024390243902439, "support": 462}, "7": {"precision": 0.8850806451612904, "recall": 0.857421875, "f1-score": 0.8710317460317459, "support": 512}, "8": {"precision": 0.9055690072639225, "recall": 0.7648261758691206, "f1-score": 0.8292682926829269, "support": 489}, "9": {"precision": 0.835820895522388, "recall": 0.8615384615384616, "f1-score": 0.8484848484848485, "support": 520}, "accuracy": 0.8726, "macro avg": {"precision": 0.8732901791293182, "recall": 0.8711147991499428, "f1-score": 0.8711665568393798, "support": 5000}, "weighted avg": {"precision": 0.873544291316758, "recall": 0.8726, "f1-score": 0.8720399251233033, "support": 5000}}