{"0": {"precision": 0.9318181818181818, "recall": 0.9804347826086957, "f1-score": 0.9555084745762711, "support": 460}, "1": {"precision": 0.9463087248322147, "recall": 0.9877408056042032, "f1-score": 0.9665809768637532, "support": 571}, "2": {"precision": 0.8996282527881041, "recall": 0.9132075471698113, "f1-score": 0.9063670411985019, "support": 530}, "3": {"precision": 0.8536121673003803, "recall": 0.898, "f1-score": 0.8752436647173489, "support": 500}, "4": {"precision": 0.8935361216730038, "recall": 0.94, "f1-score": 0.9161793372319688, "support": 500}, "5": {"precision": 0.8992974238875878, "recall": 0.8421052631578947, "f1-score": 0.8697621744054359, "support": 456}, "6": {"precision": 0.9361233480176211, "recall": 0.9199134199134199, "f1-score": 0.927947598253275, "support": 462}, "7": {"precision": 0.9196787148594378, "recall": 0.89453125, "f1-score": 0.906930693069307, "support": 512}, "8": {"precision": 0.9385964912280702, "recall": 0.8752556237218814, "f1-score": 0.9058201058201057, "support": 489}, "9": {"precision": 0.9151515151515152, "recall": 0.8711538461538462, "f1-score": 0.8926108374384236, "support": 520}, "accuracy": 0.9132, "macro avg": {"precision": 0.9133750941556118, "recall": 0.9122342538329751, "f1-score": 0.9122950903574389, "support": 5000}, "weighted avg": {"precision": 0.9135304700308344, "recall": 0.9132, "f1-score": 0.9128626385783084, "support": 5000}}