{"0": {"precision": 0.920997920997921, "recall": 0.9630434782608696, "f1-score": 0.9415515409139215, "support": 460}, "1": {"precision": 0.9337748344370861, "recall": 0.9877408056042032, "f1-score": 0.9600000000000001, "support": 571}, "2": {"precision": 0.87569573283859, "recall": 0.8905660377358491, "f1-score": 0.8830682881197381, "support": 530}, "3": {"precision": 0.8136531365313653, "recall": 0.882, "f1-score": 0.8464491362763915, "support": 500}, "4": {"precision": 0.8659217877094972, "recall": 0.93, "f1-score": 0.896817743490839, "support": 500}, "5": {"precision": 0.8627906976744186, "recall": 0.8135964912280702, "f1-score": 0.8374717832957111, "support": 456}, "6": {"precision": 0.9336283185840708, "recall": 0.9134199134199135, "f1-score": 0.9234135667396062, "support": 462}, "7": {"precision": 0.891566265060241, "recall": 0.8671875, "f1-score": 0.8792079207920792, "support": 512}, "8": {"precision": 0.8838268792710706, "recall": 0.7934560327198364, "f1-score": 0.8362068965517241, "support": 489}, "9": {"precision": 0.895397489539749, "recall": 0.823076923076923, "f1-score": 0.8577154308617234, "support": 520}, "accuracy": 0.8876, "macro avg": {"precision": 0.8877253062644008, "recall": 0.8864087182045666, "f1-score": 0.8861902307041735, "support": 5000}, "weighted avg": {"precision": 0.8879598964415891, "recall": 0.8876, "f1-score": 0.8869018388662913, "support": 5000}}