{"0": {"precision": 0.9192546583850931, "recall": 0.9652173913043478, "f1-score": 0.9416755037115588, "support": 460}, "1": {"precision": 0.9337748344370861, "recall": 0.9877408056042032, "f1-score": 0.9600000000000001, "support": 571}, "2": {"precision": 0.8736059479553904, "recall": 0.8867924528301887, "f1-score": 0.8801498127340824, "support": 530}, "3": {"precision": 0.822550831792976, "recall": 0.89, "f1-score": 0.8549471661863592, "support": 500}, "4": {"precision": 0.8816793893129771, "recall": 0.924, "f1-score": 0.9023437500000001, "support": 500}, "5": {"precision": 0.8764845605700713, "recall": 0.8092105263157895, "f1-score": 0.8415051311288484, "support": 456}, "6": {"precision": 0.9274725274725275, "recall": 0.9134199134199135, "f1-score": 0.9203925845147221, "support": 462}, "7": {"precision": 0.902834008097166, "recall": 0.87109375, "f1-score": 0.8866799204771372, "support": 512}, "8": {"precision": 0.8788546255506607, "recall": 0.8159509202453987, "f1-score": 0.8462354188759278, "support": 489}, "9": {"precision": 0.9012345679012346, "recall": 0.8423076923076923, "f1-score": 0.8707753479125248, "support": 520}, "accuracy": 0.8918, "macro avg": {"precision": 0.8917745951475183, "recall": 0.8905733452027533, "f1-score": 0.8904704635541162, "support": 5000}, "weighted avg": {"precision": 0.8919982005901953, "recall": 0.8918, "f1-score": 0.8911991448838505, "support": 5000}}