{"0": {"precision": 0.920997920997921, "recall": 0.9630434782608696, "f1-score": 0.9415515409139215, "support": 460}, "1": {"precision": 0.9353233830845771, "recall": 0.9877408056042032, "f1-score": 0.9608177172061328, "support": 571}, "2": {"precision": 0.87569573283859, "recall": 0.8905660377358491, "f1-score": 0.8830682881197381, "support": 530}, "3": {"precision": 0.8163265306122449, "recall": 0.88, "f1-score": 0.8469682386910492, "support": 500}, "4": {"precision": 0.8643122676579925, "recall": 0.93, "f1-score": 0.8959537572254336, "support": 500}, "5": {"precision": 0.866822429906542, "recall": 0.8135964912280702, "f1-score": 0.8393665158371041, "support": 456}, "6": {"precision": 0.9315673289183223, "recall": 0.9134199134199135, "f1-score": 0.9224043715846995, "support": 462}, "7": {"precision": 0.891566265060241, "recall": 0.8671875, "f1-score": 0.8792079207920792, "support": 512}, "8": {"precision": 0.8800904977375565, "recall": 0.7955010224948875, "f1-score": 0.8356605800214822, "support": 489}, "9": {"precision": 0.8914405010438413, "recall": 0.8211538461538461, "f1-score": 0.8548548548548548, "support": 520}, "accuracy": 0.8874, "macro avg": {"precision": 0.887414285785783, "recall": 0.886220909489764, "f1-score": 0.8859853785246494, "support": 5000}, "weighted avg": {"precision": 0.8876434417169725, "recall": 0.8874, "f1-score": 0.8866893541002466, "support": 5000}}