{"0": {"precision": 0.9102040816326531, "recall": 0.9695652173913043, "f1-score": 0.9389473684210526, "support": 460}, "1": {"precision": 0.9541595925297114, "recall": 0.9842381786339754, "f1-score": 0.9689655172413792, "support": 571}, "2": {"precision": 0.8828996282527881, "recall": 0.8962264150943396, "f1-score": 0.8895131086142322, "support": 530}, "3": {"precision": 0.8384030418250951, "recall": 0.882, "f1-score": 0.8596491228070176, "support": 500}, "4": {"precision": 0.880859375, "recall": 0.902, "f1-score": 0.8913043478260869, "support": 500}, "5": {"precision": 0.8687782805429864, "recall": 0.8421052631578947, "f1-score": 0.8552338530066815, "support": 456}, "6": {"precision": 0.9415730337078652, "recall": 0.9069264069264069, "f1-score": 0.9239250275633959, "support": 462}, "7": {"precision": 0.9114688128772636, "recall": 0.884765625, "f1-score": 0.8979187314172449, "support": 512}, "8": {"precision": 0.9010989010989011, "recall": 0.8384458077709611, "f1-score": 0.8686440677966101, "support": 489}, "9": {"precision": 0.8774703557312253, "recall": 0.8538461538461538, "f1-score": 0.8654970760233919, "support": 520}, "accuracy": 0.897, "macro avg": {"precision": 0.8966915103198488, "recall": 0.8960119067821036, "f1-score": 0.8959598220717092, "support": 5000}, "weighted avg": {"precision": 0.897170126716681, "recall": 0.897, "f1-score": 0.8967027203152557, "support": 5000}}