{"0": {"precision": 0.9137577002053389, "recall": 0.967391304347826, "f1-score": 0.9398099260823655, "support": 460}, "1": {"precision": 0.9477234401349073, "recall": 0.9842381786339754, "f1-score": 0.9656357388316151, "support": 571}, "2": {"precision": 0.8694852941176471, "recall": 0.8924528301886793, "f1-score": 0.8808193668528864, "support": 530}, "3": {"precision": 0.8152985074626866, "recall": 0.874, "f1-score": 0.8436293436293436, "support": 500}, "4": {"precision": 0.8714555765595463, "recall": 0.922, "f1-score": 0.8960155490767736, "support": 500}, "5": {"precision": 0.8571428571428571, "recall": 0.8289473684210527, "f1-score": 0.842809364548495, "support": 456}, "6": {"precision": 0.95, "recall": 0.9047619047619048, "f1-score": 0.9268292682926829, "support": 462}, "7": {"precision": 0.894, "recall": 0.873046875, "f1-score": 0.8833992094861659, "support": 512}, "8": {"precision": 0.8990825688073395, "recall": 0.8016359918200409, "f1-score": 0.8475675675675676, "support": 489}, "9": {"precision": 0.8724696356275303, "recall": 0.8288461538461539, "f1-score": 0.8500986193293885, "support": 520}, "accuracy": 0.8888, "macro avg": {"precision": 0.8890415580057851, "recall": 0.8877320607019632, "f1-score": 0.8876613953697283, "support": 5000}, "weighted avg": {"precision": 0.8893007207670409, "recall": 0.8888, "f1-score": 0.8883351387379804, "support": 5000}}