{"0": {"precision": 0.9139344262295082, "recall": 0.9695652173913043, "f1-score": 0.9409282700421941, "support": 460}, "1": {"precision": 0.9477234401349073, "recall": 0.9842381786339754, "f1-score": 0.9656357388316151, "support": 571}, "2": {"precision": 0.8740740740740741, "recall": 0.8905660377358491, "f1-score": 0.8822429906542056, "support": 530}, "3": {"precision": 0.8180112570356473, "recall": 0.872, "f1-score": 0.8441432720232332, "support": 500}, "4": {"precision": 0.868421052631579, "recall": 0.924, "f1-score": 0.8953488372093024, "support": 500}, "5": {"precision": 0.8587699316628702, "recall": 0.8267543859649122, "f1-score": 0.8424581005586593, "support": 456}, "6": {"precision": 0.9501133786848073, "recall": 0.9069264069264069, "f1-score": 0.9280177187153932, "support": 462}, "7": {"precision": 0.9032258064516129, "recall": 0.875, "f1-score": 0.8888888888888888, "support": 512}, "8": {"precision": 0.8934240362811792, "recall": 0.8057259713701431, "f1-score": 0.8473118279569892, "support": 489}, "9": {"precision": 0.8752515090543259, "recall": 0.8365384615384616, "f1-score": 0.855457227138643, "support": 520}, "accuracy": 0.8902, "macro avg": {"precision": 0.8902948912240511, "recall": 0.8891314659561053, "f1-score": 0.8890432872019124, "support": 5000}, "weighted avg": {"precision": 0.8906107111238202, "recall": 0.8902, "f1-score": 0.8897458567501384, "support": 5000}}