{"0": {"precision": 0.9248434237995825, "recall": 0.9630434782608696, "f1-score": 0.9435569755058574, "support": 460}, "1": {"precision": 0.9288079470198676, "recall": 0.9824868651488616, "f1-score": 0.9548936170212766, "support": 571}, "2": {"precision": 0.8595194085027726, "recall": 0.8773584905660378, "f1-score": 0.8683473389355743, "support": 530}, "3": {"precision": 0.8190298507462687, "recall": 0.878, "f1-score": 0.8474903474903475, "support": 500}, "4": {"precision": 0.8467153284671532, "recall": 0.928, "f1-score": 0.8854961832061069, "support": 500}, "5": {"precision": 0.8258064516129032, "recall": 0.8421052631578947, "f1-score": 0.8338762214983714, "support": 456}, "6": {"precision": 0.9495412844036697, "recall": 0.8961038961038961, "f1-score": 0.9220489977728284, "support": 462}, "7": {"precision": 0.878099173553719, "recall": 0.830078125, "f1-score": 0.8534136546184738, "support": 512}, "8": {"precision": 0.8982630272952854, "recall": 0.7402862985685071, "f1-score": 0.8116591928251121, "support": 489}, "9": {"precision": 0.8551587301587301, "recall": 0.8288461538461539, "f1-score": 0.841796875, "support": 520}, "accuracy": 0.8776, "macro avg": {"precision": 0.8785784625559951, "recall": 0.8766308570652219, "f1-score": 0.8762579403873948, "support": 5000}, "weighted avg": {"precision": 0.8785941882057501, "recall": 0.8776, "f1-score": 0.8767631048932734, "support": 5000}}