{"0": {"precision": 0.9246861924686193, "recall": 0.9608695652173913, "f1-score": 0.9424307036247336, "support": 460}, "1": {"precision": 0.893312101910828, "recall": 0.9824868651488616, "f1-score": 0.9357798165137614, "support": 571}, "2": {"precision": 0.93713163064833, "recall": 0.9, "f1-score": 0.9181905678537055, "support": 530}, "3": {"precision": 0.9051383399209486, "recall": 0.916, "f1-score": 0.9105367793240556, "support": 500}, "4": {"precision": 0.9101338432122371, "recall": 0.952, "f1-score": 0.9305962854349951, "support": 500}, "5": {"precision": 0.9242761692650334, "recall": 0.9100877192982456, "f1-score": 0.9171270718232043, "support": 456}, "6": {"precision": 0.9411764705882353, "recall": 0.935064935064935, "f1-score": 0.9381107491856677, "support": 462}, "7": {"precision": 0.9272727272727272, "recall": 0.896484375, "f1-score": 0.9116186693147964, "support": 512}, "8": {"precision": 0.9617117117117117, "recall": 0.8732106339468303, "f1-score": 0.915326902465166, "support": 489}, "9": {"precision": 0.9292730844793713, "recall": 0.9096153846153846, "f1-score": 0.9193391642371235, "support": 520}, "accuracy": 0.924, "macro avg": {"precision": 0.9254112271478041, "recall": 0.9235819478291649, "f1-score": 0.9239056709777209, "support": 5000}, "weighted avg": {"precision": 0.9248617688906823, "recall": 0.924, "f1-score": 0.9238146045023659, "support": 5000}}