{"0": {"precision": 0.9235668789808917, "recall": 0.9456521739130435, "f1-score": 0.9344790547798066, "support": 460}, "1": {"precision": 0.851063829787234, "recall": 0.9807355516637478, "f1-score": 0.9113100081366965, "support": 571}, "2": {"precision": 0.8426103646833013, "recall": 0.8283018867924529, "f1-score": 0.835394862036156, "support": 530}, "3": {"precision": 0.8732394366197183, "recall": 0.744, "f1-score": 0.8034557235421166, "support": 500}, "4": {"precision": 0.8095238095238095, "recall": 0.85, "f1-score": 0.8292682926829269, "support": 500}, "5": {"precision": 0.7127272727272728, "recall": 0.8596491228070176, "f1-score": 0.7793240556660039, "support": 456}, "6": {"precision": 0.8894009216589862, "recall": 0.8354978354978355, "f1-score": 0.8616071428571429, "support": 462}, "7": {"precision": 0.8518518518518519, "recall": 0.80859375, "f1-score": 0.8296593186372746, "support": 512}, "8": {"precision": 0.9047619047619048, "recall": 0.6605316973415133, "f1-score": 0.7635933806146572, "support": 489}, "9": {"precision": 0.7604895104895105, "recall": 0.8365384615384616, "f1-score": 0.7967032967032968, "support": 520}, "accuracy": 0.8362, "macro avg": {"precision": 0.8419235781084481, "recall": 0.8349500479554072, "f1-score": 0.8344795135656078, "support": 5000}, "weighted avg": {"precision": 0.8417402909389975, "recall": 0.8362, "f1-score": 0.8350484765537427, "support": 5000}}