{"0": {"precision": 0.9262295081967213, "recall": 0.9826086956521739, "f1-score": 0.9535864978902953, "support": 460}, "1": {"precision": 0.9494097807757167, "recall": 0.9859894921190894, "f1-score": 0.9673539518900344, "support": 571}, "2": {"precision": 0.9013035381750466, "recall": 0.9132075471698113, "f1-score": 0.9072164948453609, "support": 530}, "3": {"precision": 0.8631178707224335, "recall": 0.908, "f1-score": 0.8849902534113061, "support": 500}, "4": {"precision": 0.9132149901380671, "recall": 0.926, "f1-score": 0.9195630585898709, "support": 500}, "5": {"precision": 0.9250585480093677, "recall": 0.8662280701754386, "f1-score": 0.8946772366930916, "support": 456}, "6": {"precision": 0.9444444444444444, "recall": 0.9199134199134199, "f1-score": 0.9320175438596491, "support": 462}, "7": {"precision": 0.9279835390946503, "recall": 0.880859375, "f1-score": 0.9038076152304609, "support": 512}, "8": {"precision": 0.9191489361702128, "recall": 0.8834355828220859, "f1-score": 0.9009384775808134, "support": 489}, "9": {"precision": 0.8953488372093024, "recall": 0.8884615384615384, "f1-score": 0.891891891891892, "support": 520}, "accuracy": 0.9162, "macro avg": {"precision": 0.9165259992935963, "recall": 0.9154703721313556, "f1-score": 0.9156043021882774, "support": 5000}, "weighted avg": {"precision": 0.9164737385269176, "recall": 0.9162, "f1-score": 0.9159534834682761, "support": 5000}}