{"0": {"precision": 0.46139705882352944, "recall": 0.5456521739130434, "f1-score": 0.4999999999999999, "support": 460}, "1": {"precision": 0.5435540069686411, "recall": 0.5464098073555166, "f1-score": 0.5449781659388646, "support": 571}, "2": {"precision": 0.27485380116959063, "recall": 0.2660377358490566, "f1-score": 0.27037392138063276, "support": 530}, "3": {"precision": 0.4041095890410959, "recall": 0.236, "f1-score": 0.29797979797979796, "support": 500}, "4": {"precision": 0.527027027027027, "recall": 0.234, "f1-score": 0.32409972299168976, "support": 500}, "5": {"precision": 0.06427090532135453, "recall": 0.20394736842105263, "f1-score": 0.09774040987913822, "support": 456}, "6": {"precision": 0.28846153846153844, "recall": 0.2597402597402597, "f1-score": 0.2733485193621868, "support": 462}, "7": {"precision": 0.4067796610169492, "recall": 0.28125, "f1-score": 0.3325635103926097, "support": 512}, "8": {"precision": 0.08708708708708708, "recall": 0.05930470347648262, "f1-score": 0.0705596107055961, "support": 489}, "9": {"precision": 0.19672131147540983, "recall": 0.11538461538461539, "f1-score": 0.14545454545454545, "support": 520}, "accuracy": 0.277, "macro avg": {"precision": 0.32542619863922234, "recall": 0.27477266641400266, "f1-score": 0.2857098204085061, "support": 5000}, "weighted avg": {"precision": 0.3299162850562214, "recall": 0.277, "f1-score": 0.2893579290022409, "support": 5000}}