{"0": {"precision": 0.9018789144050104, "recall": 0.9391304347826087, "f1-score": 0.9201277955271566, "support": 460}, "1": {"precision": 0.911620294599018, "recall": 0.9754816112084063, "f1-score": 0.9424703891708968, "support": 571}, "2": {"precision": 0.82, "recall": 0.8509433962264151, "f1-score": 0.8351851851851851, "support": 530}, "3": {"precision": 0.8592233009708737, "recall": 0.708, "f1-score": 0.7763157894736842, "support": 500}, "4": {"precision": 0.8387715930902111, "recall": 0.874, "f1-score": 0.8560235063663075, "support": 500}, "5": {"precision": 0.6727272727272727, "recall": 0.8114035087719298, "f1-score": 0.73558648111332, "support": 456}, "6": {"precision": 0.8853932584269663, "recall": 0.8528138528138528, "f1-score": 0.8687982359426681, "support": 462}, "7": {"precision": 0.8449304174950298, "recall": 0.830078125, "f1-score": 0.8374384236453203, "support": 512}, "8": {"precision": 0.8762626262626263, "recall": 0.7096114519427403, "f1-score": 0.784180790960452, "support": 489}, "9": {"precision": 0.7898686679174484, "recall": 0.8096153846153846, "f1-score": 0.7996201329534662, "support": 520}, "accuracy": 0.8376, "macro avg": {"precision": 0.8400676345894457, "recall": 0.8361077765361337, "f1-score": 0.8355746730338456, "support": 5000}, "weighted avg": {"precision": 0.8413281525893468, "recall": 0.8376, "f1-score": 0.8370149486884546, "support": 5000}}