{"0": {"precision": 0.9138655462184874, "recall": 0.9456521739130435, "f1-score": 0.9294871794871796, "support": 460}, "1": {"precision": 0.8328358208955224, "recall": 0.9772329246935202, "f1-score": 0.8992747784045125, "support": 571}, "2": {"precision": 0.9069767441860465, "recall": 0.8830188679245283, "f1-score": 0.8948374760994262, "support": 530}, "3": {"precision": 0.8744588744588745, "recall": 0.808, "f1-score": 0.8399168399168399, "support": 500}, "4": {"precision": 0.8886679920477137, "recall": 0.894, "f1-score": 0.8913260219341974, "support": 500}, "5": {"precision": 0.8459915611814346, "recall": 0.8793859649122807, "f1-score": 0.8623655913978495, "support": 456}, "6": {"precision": 0.9308035714285714, "recall": 0.9025974025974026, "f1-score": 0.9164835164835166, "support": 462}, "7": {"precision": 0.898, "recall": 0.876953125, "f1-score": 0.8873517786561265, "support": 512}, "8": {"precision": 0.927710843373494, "recall": 0.787321063394683, "f1-score": 0.8517699115044248, "support": 489}, "9": {"precision": 0.8675373134328358, "recall": 0.8942307692307693, "f1-score": 0.8806818181818182, "support": 520}, "accuracy": 0.8858, "macro avg": {"precision": 0.8886848267222979, "recall": 0.8848392291666227, "f1-score": 0.8853494912065891, "support": 5000}, "weighted avg": {"precision": 0.8877075839914387, "recall": 0.8858, "f1-score": 0.8852767062872489, "support": 5000}}