{"0": {"precision": 0.8383233532934131, "recall": 0.9130434782608695, "f1-score": 0.8740894901144639, "support": 460}, "1": {"precision": 0.9104234527687296, "recall": 0.978984238178634, "f1-score": 0.9434599156118143, "support": 571}, "2": {"precision": 0.8330019880715706, "recall": 0.7905660377358491, "f1-score": 0.8112294288480155, "support": 530}, "3": {"precision": 0.7919191919191919, "recall": 0.784, "f1-score": 0.7879396984924623, "support": 500}, "4": {"precision": 0.8297872340425532, "recall": 0.858, "f1-score": 0.8436578171091446, "support": 500}, "5": {"precision": 0.6871287128712872, "recall": 0.7609649122807017, "f1-score": 0.7221644120707597, "support": 456}, "6": {"precision": 0.9076212471131639, "recall": 0.8506493506493507, "f1-score": 0.8782122905027934, "support": 462}, "7": {"precision": 0.8429423459244533, "recall": 0.828125, "f1-score": 0.8354679802955665, "support": 512}, "8": {"precision": 0.813953488372093, "recall": 0.7157464212678937, "f1-score": 0.7616974972796516, "support": 489}, "9": {"precision": 0.781563126252505, "recall": 0.75, "f1-score": 0.7654563297350343, "support": 520}, "accuracy": 0.8246, "macro avg": {"precision": 0.823666414062896, "recall": 0.8230079438373299, "f1-score": 0.8223374860059707, "support": 5000}, "weighted avg": {"precision": 0.8252998145037769, "recall": 0.8246, "f1-score": 0.8239710312034211, "support": 5000}}