{"0": {"precision": 0.9288702928870293, "recall": 0.9652173913043478, "f1-score": 0.9466950959488272, "support": 460}, "1": {"precision": 0.9273927392739274, "recall": 0.9842381786339754, "f1-score": 0.9549702633814784, "support": 571}, "2": {"precision": 0.8269896193771626, "recall": 0.9018867924528302, "f1-score": 0.8628158844765343, "support": 530}, "3": {"precision": 0.8426724137931034, "recall": 0.782, "f1-score": 0.8112033195020747, "support": 500}, "4": {"precision": 0.8995983935742972, "recall": 0.896, "f1-score": 0.8977955911823646, "support": 500}, "5": {"precision": 0.787321063394683, "recall": 0.8442982456140351, "f1-score": 0.8148148148148148, "support": 456}, "6": {"precision": 0.9237668161434978, "recall": 0.8917748917748918, "f1-score": 0.9074889867841409, "support": 462}, "7": {"precision": 0.882703777335984, "recall": 0.8671875, "f1-score": 0.8748768472906404, "support": 512}, "8": {"precision": 0.9046454767726161, "recall": 0.7566462167689162, "f1-score": 0.8240534521158129, "support": 489}, "9": {"precision": 0.8393194706994329, "recall": 0.8538461538461538, "f1-score": 0.8465204957102002, "support": 520}, "accuracy": 0.8756, "macro avg": {"precision": 0.8763280063251735, "recall": 0.8743095370395151, "f1-score": 0.8741234751206888, "support": 5000}, "weighted avg": {"precision": 0.8765644523349705, "recall": 0.8756, "f1-score": 0.8748929695517281, "support": 5000}}