{"0": {"precision": 0.9331742243436754, "recall": 0.85, "f1-score": 0.8896473265073946, "support": 460}, "1": {"precision": 0.6073354908306364, "recall": 0.9859894921190894, "f1-score": 0.7516688918558078, "support": 571}, "2": {"precision": 0.8679775280898876, "recall": 0.5830188679245283, "f1-score": 0.6975169300225733, "support": 530}, "3": {"precision": 0.7552301255230126, "recall": 0.722, "f1-score": 0.7382413087934561, "support": 500}, "4": {"precision": 0.6678383128295254, "recall": 0.76, "f1-score": 0.7109448082319926, "support": 500}, "5": {"precision": 0.641851106639839, "recall": 0.6995614035087719, "f1-score": 0.6694648478488981, "support": 456}, "6": {"precision": 0.8635235732009926, "recall": 0.7532467532467533, "f1-score": 0.8046242774566474, "support": 462}, "7": {"precision": 0.8394004282655246, "recall": 0.765625, "f1-score": 0.8008171603677221, "support": 512}, "8": {"precision": 0.9117647058823529, "recall": 0.4437627811860941, "f1-score": 0.5969738651994497, "support": 489}, "9": {"precision": 0.6331269349845201, "recall": 0.7865384615384615, "f1-score": 0.7015437392795882, "support": 520}, "accuracy": 0.7378, "macro avg": {"precision": 0.7721222430589967, "recall": 0.7349742759523699, "f1-score": 0.736144315556353, "support": 5000}, "weighted avg": {"precision": 0.7688189959226577, "recall": 0.7378, "f1-score": 0.7352942952576029, "support": 5000}}