{"0": {"precision": 0.9243697478991597, "recall": 0.9565217391304348, "f1-score": 0.9401709401709402, "support": 460}, "1": {"precision": 0.8575803981623277, "recall": 0.9807355516637478, "f1-score": 0.9150326797385621, "support": 571}, "2": {"precision": 0.899581589958159, "recall": 0.8113207547169812, "f1-score": 0.8531746031746033, "support": 530}, "3": {"precision": 0.8591836734693877, "recall": 0.842, "f1-score": 0.8505050505050504, "support": 500}, "4": {"precision": 0.8571428571428571, "recall": 0.852, "f1-score": 0.8545636910732196, "support": 500}, "5": {"precision": 0.7868852459016393, "recall": 0.8421052631578947, "f1-score": 0.8135593220338982, "support": 456}, "6": {"precision": 0.8900862068965517, "recall": 0.8939393939393939, "f1-score": 0.8920086393088553, "support": 462}, "7": {"precision": 0.878099173553719, "recall": 0.830078125, "f1-score": 0.8534136546184738, "support": 512}, "8": {"precision": 0.8770685579196218, "recall": 0.7586912065439673, "f1-score": 0.8135964912280701, "support": 489}, "9": {"precision": 0.8153564899451554, "recall": 0.8576923076923076, "f1-score": 0.8359887535145267, "support": 520}, "accuracy": 0.8632, "macro avg": {"precision": 0.8645353940848579, "recall": 0.8625084341844728, "f1-score": 0.8622013825366199, "support": 5000}, "weighted avg": {"precision": 0.8644656351078567, "recall": 0.8632, "f1-score": 0.8624561744983829, "support": 5000}}