{"0": {"precision": 0.9225941422594143, "recall": 0.9586956521739131, "f1-score": 0.9402985074626865, "support": 460}, "1": {"precision": 0.8805031446540881, "recall": 0.9807355516637478, "f1-score": 0.927920463960232, "support": 571}, "2": {"precision": 0.9151138716356108, "recall": 0.8339622641509434, "f1-score": 0.8726554787759132, "support": 530}, "3": {"precision": 0.8655804480651731, "recall": 0.85, "f1-score": 0.8577194752774975, "support": 500}, "4": {"precision": 0.8729508196721312, "recall": 0.852, "f1-score": 0.8623481781376517, "support": 500}, "5": {"precision": 0.7947154471544715, "recall": 0.8574561403508771, "f1-score": 0.8248945147679325, "support": 456}, "6": {"precision": 0.896551724137931, "recall": 0.9004329004329005, "f1-score": 0.898488120950324, "support": 462}, "7": {"precision": 0.8865979381443299, "recall": 0.83984375, "f1-score": 0.8625877632898695, "support": 512}, "8": {"precision": 0.8808411214953271, "recall": 0.7709611451942741, "f1-score": 0.8222464558342422, "support": 489}, "9": {"precision": 0.8126126126126126, "recall": 0.8673076923076923, "f1-score": 0.8390697674418605, "support": 520}, "accuracy": 0.8718, "macro avg": {"precision": 0.8728061269831089, "recall": 0.8711395096274348, "f1-score": 0.8708228725898209, "support": 5000}, "weighted avg": {"precision": 0.8730523477252349, "recall": 0.8718, "f1-score": 0.8712428540406578, "support": 5000}}