{"0": {"precision": 1.0, "recall": 0.5804347826086956, "f1-score": 0.734525447042641, "support": 460}, "1": {"precision": 0.9944649446494465, "recall": 0.9439579684763573, "f1-score": 0.9685534591194969, "support": 571}, "2": {"precision": 0.24377880184331796, "recall": 0.9981132075471698, "f1-score": 0.3918518518518519, "support": 530}, "3": {"precision": 0.9097744360902256, "recall": 0.726, "f1-score": 0.807563959955506, "support": 500}, "4": {"precision": 0.8475336322869955, "recall": 0.756, "f1-score": 0.7991543340380549, "support": 500}, "5": {"precision": 1.0, "recall": 0.19078947368421054, "f1-score": 0.32044198895027626, "support": 456}, "6": {"precision": 0.9959677419354839, "recall": 0.5346320346320347, "f1-score": 0.695774647887324, "support": 462}, "7": {"precision": 0.975609756097561, "recall": 0.625, "f1-score": 0.7619047619047619, "support": 512}, "8": {"precision": 0.9842105263157894, "recall": 0.3824130879345603, "f1-score": 0.5508100147275404, "support": 489}, "9": {"precision": 0.9473684210526315, "recall": 0.5884615384615385, "f1-score": 0.7259786476868327, "support": 520}, "accuracy": 0.6446, "macro avg": {"precision": 0.8898708260271452, "recall": 0.6325802093344566, "f1-score": 0.6756559113164285, "support": 5000}, "weighted avg": {"precision": 0.8850512201544674, "recall": 0.6446, "f1-score": 0.6812972051309075, "support": 5000}}