{"0": {"precision": 0.9694989106753813, "recall": 0.967391304347826, "f1-score": 0.9684439608269859, "support": 460}, "1": {"precision": 0.9543147208121827, "recall": 0.9877408056042032, "f1-score": 0.9707401032702238, "support": 571}, "2": {"precision": 0.9386617100371747, "recall": 0.9528301886792453, "f1-score": 0.9456928838951311, "support": 530}, "3": {"precision": 0.9366336633663367, "recall": 0.946, "f1-score": 0.9412935323383085, "support": 500}, "4": {"precision": 0.9242718446601942, "recall": 0.952, "f1-score": 0.9379310344827585, "support": 500}, "5": {"precision": 0.9436008676789588, "recall": 0.9539473684210527, "f1-score": 0.9487459105779716, "support": 456}, "6": {"precision": 0.9568034557235421, "recall": 0.9588744588744589, "f1-score": 0.9578378378378378, "support": 462}, "7": {"precision": 0.93812375249501, "recall": 0.91796875, "f1-score": 0.9279368213228036, "support": 512}, "8": {"precision": 0.9509594882729211, "recall": 0.9120654396728016, "f1-score": 0.9311064718162838, "support": 489}, "9": {"precision": 0.9397590361445783, "recall": 0.9, "f1-score": 0.9194499017681729, "support": 520}, "accuracy": 0.945, "macro avg": {"precision": 0.9452627449866279, "recall": 0.9448818315599589, "f1-score": 0.9449178458136478, "support": 5000}, "weighted avg": {"precision": 0.9450330213742733, "recall": 0.945, "f1-score": 0.9448568430564377, "support": 5000}}