{"0": {"precision": 0.967741935483871, "recall": 0.9782608695652174, "f1-score": 0.972972972972973, "support": 460}, "1": {"precision": 0.962457337883959, "recall": 0.9877408056042032, "f1-score": 0.9749351771823682, "support": 571}, "2": {"precision": 0.9603024574669187, "recall": 0.9584905660377359, "f1-score": 0.9593956562795088, "support": 530}, "3": {"precision": 0.9452054794520548, "recall": 0.966, "f1-score": 0.9554896142433235, "support": 500}, "4": {"precision": 0.9452054794520548, "recall": 0.966, "f1-score": 0.9554896142433235, "support": 500}, "5": {"precision": 0.9666666666666667, "recall": 0.9539473684210527, "f1-score": 0.9602649006622516, "support": 456}, "6": {"precision": 0.958963282937365, "recall": 0.961038961038961, "f1-score": 0.96, "support": 462}, "7": {"precision": 0.952, "recall": 0.9296875, "f1-score": 0.9407114624505929, "support": 512}, "8": {"precision": 0.9705263157894737, "recall": 0.9427402862985685, "f1-score": 0.9564315352697096, "support": 489}, "9": {"precision": 0.9470588235294117, "recall": 0.9288461538461539, "f1-score": 0.9378640776699029, "support": 520}, "accuracy": 0.9574, "macro avg": {"precision": 0.9576127778661776, "recall": 0.9572752510811894, "f1-score": 0.9573555010973955, "support": 5000}, "weighted avg": {"precision": 0.9574426411074505, "recall": 0.9574, "f1-score": 0.957330854084418, "support": 5000}}