{"0": {"precision": 0.9394572025052192, "recall": 0.9782608695652174, "f1-score": 0.9584664536741215, "support": 460}, "1": {"precision": 0.940099833610649, "recall": 0.989492119089317, "f1-score": 0.9641638225255973, "support": 571}, "2": {"precision": 0.9085714285714286, "recall": 0.9, "f1-score": 0.9042654028436018, "support": 530}, "3": {"precision": 0.857685009487666, "recall": 0.904, "f1-score": 0.8802336903602725, "support": 500}, "4": {"precision": 0.8821292775665399, "recall": 0.928, "f1-score": 0.9044834307992203, "support": 500}, "5": {"precision": 0.8785871964679912, "recall": 0.8728070175438597, "f1-score": 0.8756875687568758, "support": 456}, "6": {"precision": 0.950561797752809, "recall": 0.9155844155844156, "f1-score": 0.9327453142227122, "support": 462}, "7": {"precision": 0.9233954451345756, "recall": 0.87109375, "f1-score": 0.8964824120603014, "support": 512}, "8": {"precision": 0.9225512528473804, "recall": 0.8282208588957055, "f1-score": 0.872844827586207, "support": 489}, "9": {"precision": 0.8716475095785441, "recall": 0.875, "f1-score": 0.8733205374280231, "support": 520}, "accuracy": 0.907, "macro avg": {"precision": 0.9074685953522803, "recall": 0.9062459030678515, "f1-score": 0.9062693460256932, "support": 5000}, "weighted avg": {"precision": 0.9074710732994715, "recall": 0.907, "f1-score": 0.9066479994180394, "support": 5000}}