{"0": {"precision": 0.9373695198329853, "recall": 0.9760869565217392, "f1-score": 0.9563365282215122, "support": 460}, "1": {"precision": 0.9448160535117057, "recall": 0.989492119089317, "f1-score": 0.9666381522668949, "support": 571}, "2": {"precision": 0.905123339658444, "recall": 0.9, "f1-score": 0.9025543992431411, "support": 530}, "3": {"precision": 0.857685009487666, "recall": 0.904, "f1-score": 0.8802336903602725, "support": 500}, "4": {"precision": 0.8821292775665399, "recall": 0.928, "f1-score": 0.9044834307992203, "support": 500}, "5": {"precision": 0.8861607142857143, "recall": 0.8706140350877193, "f1-score": 0.8783185840707965, "support": 456}, "6": {"precision": 0.9441964285714286, "recall": 0.9155844155844156, "f1-score": 0.9296703296703297, "support": 462}, "7": {"precision": 0.9269311064718163, "recall": 0.8671875, "f1-score": 0.8960645812310797, "support": 512}, "8": {"precision": 0.9168539325842696, "recall": 0.8343558282208589, "f1-score": 0.873661670235546, "support": 489}, "9": {"precision": 0.8718929254302104, "recall": 0.8769230769230769, "f1-score": 0.8744007670182167, "support": 520}, "accuracy": 0.907, "macro avg": {"precision": 0.9073158307400779, "recall": 0.9062243931427127, "f1-score": 0.9062362133117011, "support": 5000}, "weighted avg": {"precision": 0.9073850231419417, "recall": 0.907, "f1-score": 0.9066585135867694, "support": 5000}}