{"0": {"precision": 0.9394572025052192, "recall": 0.9782608695652174, "f1-score": 0.9584664536741215, "support": 460}, "1": {"precision": 0.9416666666666667, "recall": 0.989492119089317, "f1-score": 0.964987190435525, "support": 571}, "2": {"precision": 0.9101338432122371, "recall": 0.8981132075471698, "f1-score": 0.9040835707502374, "support": 530}, "3": {"precision": 0.8571428571428571, "recall": 0.9, "f1-score": 0.8780487804878048, "support": 500}, "4": {"precision": 0.8757062146892656, "recall": 0.93, "f1-score": 0.9020368574199806, "support": 500}, "5": {"precision": 0.8714596949891068, "recall": 0.8771929824561403, "f1-score": 0.8743169398907104, "support": 456}, "6": {"precision": 0.9506726457399103, "recall": 0.9177489177489178, "f1-score": 0.9339207048458149, "support": 462}, "7": {"precision": 0.9235537190082644, "recall": 0.873046875, "f1-score": 0.897590361445783, "support": 512}, "8": {"precision": 0.9290617848970252, "recall": 0.8302658486707567, "f1-score": 0.8768898488120951, "support": 489}, "9": {"precision": 0.875968992248062, "recall": 0.8692307692307693, "f1-score": 0.8725868725868725, "support": 520}, "accuracy": 0.907, "macro avg": {"precision": 0.9074823621098614, "recall": 0.906335158930829, "f1-score": 0.9062927580348944, "support": 5000}, "weighted avg": {"precision": 0.9075816857600708, "recall": 0.907, "f1-score": 0.9066759661967517, "support": 5000}}