{"0": {"precision": 0.9519650655021834, "recall": 0.9478260869565217, "f1-score": 0.9498910675381262, "support": 460}, "1": {"precision": 0.9365609348914858, "recall": 0.9824868651488616, "f1-score": 0.958974358974359, "support": 571}, "2": {"precision": 0.9029304029304029, "recall": 0.930188679245283, "f1-score": 0.9163568773234201, "support": 530}, "3": {"precision": 0.9183222958057395, "recall": 0.832, "f1-score": 0.8730325288562434, "support": 500}, "4": {"precision": 0.8805394990366089, "recall": 0.914, "f1-score": 0.8969578017664378, "support": 500}, "5": {"precision": 0.8449304174950298, "recall": 0.9320175438596491, "f1-score": 0.886339937434828, "support": 456}, "6": {"precision": 0.945054945054945, "recall": 0.9307359307359307, "f1-score": 0.9378407851690295, "support": 462}, "7": {"precision": 0.8962818003913894, "recall": 0.89453125, "f1-score": 0.8954056695992181, "support": 512}, "8": {"precision": 0.9300699300699301, "recall": 0.8159509202453987, "f1-score": 0.8692810457516339, "support": 489}, "9": {"precision": 0.8842504743833017, "recall": 0.8961538461538462, "f1-score": 0.8901623686723974, "support": 520}, "accuracy": 0.9082, "macro avg": {"precision": 0.9090905765561018, "recall": 0.9075891122345491, "f1-score": 0.9074242441085694, "support": 5000}, "weighted avg": {"precision": 0.9092157228410706, "recall": 0.9082, "f1-score": 0.9078105160940036, "support": 5000}}