{"0": {"precision": 0.9357601713062098, "recall": 0.95, "f1-score": 0.9428263214670981, "support": 460}, "1": {"precision": 0.8736349453978159, "recall": 0.9807355516637478, "f1-score": 0.9240924092409241, "support": 571}, "2": {"precision": 0.9024896265560166, "recall": 0.8207547169811321, "f1-score": 0.8596837944664032, "support": 530}, "3": {"precision": 0.8679245283018868, "recall": 0.828, "f1-score": 0.8474923234390992, "support": 500}, "4": {"precision": 0.8352059925093633, "recall": 0.892, "f1-score": 0.8626692456479691, "support": 500}, "5": {"precision": 0.7911646586345381, "recall": 0.8640350877192983, "f1-score": 0.8259958071278826, "support": 456}, "6": {"precision": 0.8932461873638344, "recall": 0.8874458874458875, "f1-score": 0.8903365906623236, "support": 462}, "7": {"precision": 0.8721649484536083, "recall": 0.826171875, "f1-score": 0.8485456369107321, "support": 512}, "8": {"precision": 0.8705882352941177, "recall": 0.7566462167689162, "f1-score": 0.8096280087527353, "support": 489}, "9": {"precision": 0.8270676691729323, "recall": 0.8461538461538461, "f1-score": 0.8365019011406843, "support": 520}, "accuracy": 0.8658, "macro avg": {"precision": 0.8669246962990323, "recall": 0.8651943181732829, "f1-score": 0.8647772038855852, "support": 5000}, "weighted avg": {"precision": 0.8669944213279519, "recall": 0.8658, "f1-score": 0.8650808226140014, "support": 5000}}