{"0": {"precision": 0.5171428571428571, "recall": 0.3934782608695652, "f1-score": 0.4469135802469136, "support": 460}, "1": {"precision": 0.5180921052631579, "recall": 0.5516637478108581, "f1-score": 0.5343511450381678, "support": 571}, "2": {"precision": 0.34688346883468835, "recall": 0.24150943396226415, "f1-score": 0.28476084538375973, "support": 530}, "3": {"precision": 0.4362745098039216, "recall": 0.178, "f1-score": 0.2528409090909091, "support": 500}, "4": {"precision": 0.588495575221239, "recall": 0.266, "f1-score": 0.3663911845730028, "support": 500}, "5": {"precision": 0.0718771807397069, "recall": 0.22587719298245615, "f1-score": 0.10905240868184223, "support": 456}, "6": {"precision": 0.4072164948453608, "recall": 0.170995670995671, "f1-score": 0.24085365853658536, "support": 462}, "7": {"precision": 0.3948919449901768, "recall": 0.392578125, "f1-score": 0.39373163565132224, "support": 512}, "8": {"precision": 0.05351170568561873, "recall": 0.09815950920245399, "f1-score": 0.06926406926406926, "support": 489}, "9": {"precision": 0.18095238095238095, "recall": 0.07307692307692308, "f1-score": 0.10410958904109589, "support": 520}, "accuracy": 0.263, "macro avg": {"precision": 0.35153382234791075, "recall": 0.25913388639001916, "f1-score": 0.28022690255076677, "support": 5000}, "weighted avg": {"precision": 0.35466134808645633, "recall": 0.263, "f1-score": 0.28436680956870436, "support": 5000}}