{"0": {"precision": 0.9491525423728814, "recall": 0.9739130434782609, "f1-score": 0.9613733905579399, "support": 460}, "1": {"precision": 0.9169381107491856, "recall": 0.9859894921190894, "f1-score": 0.950210970464135, "support": 571}, "2": {"precision": 0.9534883720930233, "recall": 0.9283018867924528, "f1-score": 0.9407265774378585, "support": 530}, "3": {"precision": 0.9227799227799228, "recall": 0.956, "f1-score": 0.9390962671905697, "support": 500}, "4": {"precision": 0.935672514619883, "recall": 0.96, "f1-score": 0.9476801579466929, "support": 500}, "5": {"precision": 0.9563218390804598, "recall": 0.9122807017543859, "f1-score": 0.9337822671156004, "support": 456}, "6": {"precision": 0.9481641468682506, "recall": 0.9502164502164502, "f1-score": 0.9491891891891893, "support": 462}, "7": {"precision": 0.9496981891348089, "recall": 0.921875, "f1-score": 0.9355797819623389, "support": 512}, "8": {"precision": 0.9718614718614719, "recall": 0.918200408997955, "f1-score": 0.9442691903259726, "support": 489}, "9": {"precision": 0.9450980392156862, "recall": 0.926923076923077, "f1-score": 0.9359223300970874, "support": 520}, "accuracy": 0.9438, "macro avg": {"precision": 0.9449175148775574, "recall": 0.9433700060281669, "f1-score": 0.9437830122287384, "support": 5000}, "weighted avg": {"precision": 0.944365638816355, "recall": 0.9438, "f1-score": 0.9437099471394186, "support": 5000}}