{"0": {"precision": 0.9523809523809523, "recall": 0.17391304347826086, "f1-score": 0.29411764705882354, "support": 460}, "1": {"precision": 0.11676891615541922, "recall": 1.0, "f1-score": 0.20911920893609226, "support": 571}, "2": {"precision": 0.0, "recall": 0.0, "f1-score": 0.0, "support": 530}, "3": {"precision": 0.7333333333333333, "recall": 0.022, "f1-score": 0.04271844660194175, "support": 500}, "4": {"precision": 0.0, "recall": 0.0, "f1-score": 0.0, "support": 500}, "5": {"precision": 0.0, "recall": 0.0, "f1-score": 0.0, "support": 456}, "6": {"precision": 0.9, "recall": 0.01948051948051948, "f1-score": 0.03813559322033898, "support": 462}, "7": {"precision": 0.0, "recall": 0.0, "f1-score": 0.0, "support": 512}, "8": {"precision": 0.0, "recall": 0.0, "f1-score": 0.0, "support": 489}, "9": {"precision": 0.0, "recall": 0.0, "f1-score": 0.0, "support": 520}, "accuracy": 0.1342, "macro avg": {"precision": 0.2702483201869705, "recall": 0.12153935629587802, "f1-score": 0.05840908958171966, "support": 5000}, "weighted avg": {"precision": 0.2574473911773298, "recall": 0.1342, "f1-score": 0.058735810663666996, "support": 5000}}