{"0": {"precision": 0.9538784067085954, "recall": 0.9891304347826086, "f1-score": 0.9711846318036286, "support": 460}, "1": {"precision": 0.964041095890411, "recall": 0.9859894921190894, "f1-score": 0.9748917748917749, "support": 571}, "2": {"precision": 0.9526515151515151, "recall": 0.9490566037735849, "f1-score": 0.9508506616257089, "support": 530}, "3": {"precision": 0.93713163064833, "recall": 0.954, "f1-score": 0.9454905847373637, "support": 500}, "4": {"precision": 0.9503968253968254, "recall": 0.958, "f1-score": 0.9541832669322708, "support": 500}, "5": {"precision": 0.9533333333333334, "recall": 0.9407894736842105, "f1-score": 0.9470198675496689, "support": 456}, "6": {"precision": 0.9650655021834061, "recall": 0.9567099567099567, "f1-score": 0.9608695652173913, "support": 462}, "7": {"precision": 0.9443339960238568, "recall": 0.927734375, "f1-score": 0.9359605911330049, "support": 512}, "8": {"precision": 0.9582463465553236, "recall": 0.9386503067484663, "f1-score": 0.9483471074380165, "support": 489}, "9": {"precision": 0.9409448818897638, "recall": 0.9192307692307692, "f1-score": 0.9299610894941635, "support": 520}, "accuracy": 0.952, "macro avg": {"precision": 0.9520023533781361, "recall": 0.9519291412048684, "f1-score": 0.9518759140822992, "support": 5000}, "weighted avg": {"precision": 0.9519748267826875, "recall": 0.952, "f1-score": 0.9518984068113304, "support": 5000}}