{"0": {"precision": 0.9263803680981595, "recall": 0.9847826086956522, "f1-score": 0.9546891464699684, "support": 460}, "1": {"precision": 0.9317803660565723, "recall": 0.9807355516637478, "f1-score": 0.955631399317406, "support": 571}, "2": {"precision": 0.9155206286836935, "recall": 0.879245283018868, "f1-score": 0.8970163618864293, "support": 530}, "3": {"precision": 0.8844621513944223, "recall": 0.888, "f1-score": 0.8862275449101796, "support": 500}, "4": {"precision": 0.889763779527559, "recall": 0.904, "f1-score": 0.8968253968253967, "support": 500}, "5": {"precision": 0.8589743589743589, "recall": 0.881578947368421, "f1-score": 0.8701298701298701, "support": 456}, "6": {"precision": 0.9239130434782609, "recall": 0.9199134199134199, "f1-score": 0.9219088937093275, "support": 462}, "7": {"precision": 0.9109730848861284, "recall": 0.859375, "f1-score": 0.8844221105527639, "support": 512}, "8": {"precision": 0.89587852494577, "recall": 0.8445807770961146, "f1-score": 0.8694736842105263, "support": 489}, "9": {"precision": 0.8709055876685935, "recall": 0.8692307692307693, "f1-score": 0.8700673724735324, "support": 520}, "accuracy": 0.9014, "macro avg": {"precision": 0.9008551893713518, "recall": 0.9011442356986994, "f1-score": 0.90063917804854, "support": 5000}, "weighted avg": {"precision": 0.9012868629067833, "recall": 0.9014, "f1-score": 0.9009801189190298, "support": 5000}}