{"0": {"precision": 0.9394572025052192, "recall": 0.9782608695652174, "f1-score": 0.9584664536741215, "support": 460}, "1": {"precision": 0.9444444444444444, "recall": 0.9824868651488616, "f1-score": 0.9630901287553647, "support": 571}, "2": {"precision": 0.8953271028037383, "recall": 0.9037735849056604, "f1-score": 0.8995305164319248, "support": 530}, "3": {"precision": 0.8595825426944972, "recall": 0.906, "f1-score": 0.8821811100292113, "support": 500}, "4": {"precision": 0.8888888888888888, "recall": 0.944, "f1-score": 0.915615906886518, "support": 500}, "5": {"precision": 0.893569844789357, "recall": 0.8837719298245614, "f1-score": 0.8886438809261301, "support": 456}, "6": {"precision": 0.9575892857142857, "recall": 0.9285714285714286, "f1-score": 0.9428571428571428, "support": 462}, "7": {"precision": 0.9024390243902439, "recall": 0.8671875, "f1-score": 0.8844621513944224, "support": 512}, "8": {"precision": 0.9311926605504587, "recall": 0.8302658486707567, "f1-score": 0.8778378378378379, "support": 489}, "9": {"precision": 0.893491124260355, "recall": 0.8711538461538462, "f1-score": 0.8821811100292114, "support": 520}, "accuracy": 0.91, "macro avg": {"precision": 0.9105982121041489, "recall": 0.9095471872840332, "f1-score": 0.9094866238821886, "support": 5000}, "weighted avg": {"precision": 0.9104157293088326, "recall": 0.91, "f1-score": 0.9096263651020692, "support": 5000}}