{"0": {"precision": 0.9345991561181435, "recall": 0.9630434782608696, "f1-score": 0.9486081370449678, "support": 460}, "1": {"precision": 0.9181669394435352, "recall": 0.9824868651488616, "f1-score": 0.9492385786802031, "support": 571}, "2": {"precision": 0.8986083499005965, "recall": 0.8528301886792453, "f1-score": 0.8751210067763795, "support": 530}, "3": {"precision": 0.8767967145790554, "recall": 0.854, "f1-score": 0.8652482269503545, "support": 500}, "4": {"precision": 0.851782363977486, "recall": 0.908, "f1-score": 0.8789932236205228, "support": 500}, "5": {"precision": 0.8329896907216495, "recall": 0.8859649122807017, "f1-score": 0.8586609989373007, "support": 456}, "6": {"precision": 0.9059080962800875, "recall": 0.8961038961038961, "f1-score": 0.9009793253536452, "support": 462}, "7": {"precision": 0.8898128898128899, "recall": 0.8359375, "f1-score": 0.8620342396777442, "support": 512}, "8": {"precision": 0.8814317673378076, "recall": 0.8057259713701431, "f1-score": 0.8418803418803418, "support": 489}, "9": {"precision": 0.8486590038314177, "recall": 0.8519230769230769, "f1-score": 0.8502879078694818, "support": 520}, "accuracy": 0.884, "macro avg": {"precision": 0.8838754972002668, "recall": 0.8836015888766793, "f1-score": 0.8831051986790941, "support": 5000}, "weighted avg": {"precision": 0.8842041508434777, "recall": 0.884, "f1-score": 0.8834604848318833, "support": 5000}}