{"0": {"precision": 0.9269311064718163, "recall": 0.9652173913043478, "f1-score": 0.9456869009584665, "support": 460}, "1": {"precision": 0.9273927392739274, "recall": 0.9842381786339754, "f1-score": 0.9549702633814784, "support": 571}, "2": {"precision": 0.8248686514886164, "recall": 0.8886792452830189, "f1-score": 0.8555858310626703, "support": 530}, "3": {"precision": 0.8319327731092437, "recall": 0.792, "f1-score": 0.8114754098360656, "support": 500}, "4": {"precision": 0.8838582677165354, "recall": 0.898, "f1-score": 0.8908730158730159, "support": 500}, "5": {"precision": 0.7846790890269151, "recall": 0.831140350877193, "f1-score": 0.807241746538871, "support": 456}, "6": {"precision": 0.9292237442922374, "recall": 0.8809523809523809, "f1-score": 0.9044444444444443, "support": 462}, "7": {"precision": 0.8802395209580839, "recall": 0.861328125, "f1-score": 0.8706811451135243, "support": 512}, "8": {"precision": 0.9097560975609756, "recall": 0.7627811860940695, "f1-score": 0.8298109010011124, "support": 489}, "9": {"precision": 0.8428030303030303, "recall": 0.8557692307692307, "f1-score": 0.849236641221374, "support": 520}, "accuracy": 0.8734, "macro avg": {"precision": 0.8741685020201381, "recall": 0.8720106088914216, "f1-score": 0.8720006299431022, "support": 5000}, "weighted avg": {"precision": 0.8743862890918046, "recall": 0.8734, "f1-score": 0.8728127196454633, "support": 5000}}