{"0": {"precision": 0.9497907949790795, "recall": 0.9869565217391304, "f1-score": 0.9680170575692963, "support": 460}, "1": {"precision": 0.959114139693356, "recall": 0.9859894921190894, "f1-score": 0.9723661485319516, "support": 571}, "2": {"precision": 0.945179584120983, "recall": 0.9433962264150944, "f1-score": 0.9442870632672333, "support": 530}, "3": {"precision": 0.9142300194931774, "recall": 0.938, "f1-score": 0.9259624876604147, "support": 500}, "4": {"precision": 0.9259259259259259, "recall": 0.95, "f1-score": 0.9378084896347483, "support": 500}, "5": {"precision": 0.9614512471655329, "recall": 0.9298245614035088, "f1-score": 0.9453734671125975, "support": 456}, "6": {"precision": 0.956989247311828, "recall": 0.9632034632034632, "f1-score": 0.9600862998921251, "support": 462}, "7": {"precision": 0.938, "recall": 0.916015625, "f1-score": 0.9268774703557312, "support": 512}, "8": {"precision": 0.9476987447698745, "recall": 0.9263803680981595, "f1-score": 0.936918304033092, "support": 489}, "9": {"precision": 0.9375, "recall": 0.8942307692307693, "f1-score": 0.9153543307086615, "support": 520}, "accuracy": 0.9434, "macro avg": {"precision": 0.9435879703459757, "recall": 0.9433997027209216, "f1-score": 0.9433051118765852, "support": 5000}, "weighted avg": {"precision": 0.9434625157813944, "recall": 0.9434, "f1-score": 0.9432430576978325, "support": 5000}}