{"0": {"precision": 1.0, "recall": 0.7065217391304348, "f1-score": 0.8280254777070064, "support": 460}, "1": {"precision": 0.9963503649635036, "recall": 0.9562171628721541, "f1-score": 0.9758713136729222, "support": 571}, "2": {"precision": 0.27039507439712673, "recall": 0.9943396226415094, "f1-score": 0.42517144009681324, "support": 530}, "3": {"precision": 0.8799126637554585, "recall": 0.806, "f1-score": 0.8413361169102296, "support": 500}, "4": {"precision": 0.9572649572649573, "recall": 0.672, "f1-score": 0.7896592244418332, "support": 500}, "5": {"precision": 1.0, "recall": 0.32894736842105265, "f1-score": 0.4950495049504951, "support": 456}, "6": {"precision": 0.9962406015037594, "recall": 0.5735930735930735, "f1-score": 0.728021978021978, "support": 462}, "7": {"precision": 0.9792284866468842, "recall": 0.64453125, "f1-score": 0.7773851590106007, "support": 512}, "8": {"precision": 0.9612403100775194, "recall": 0.5071574642126789, "f1-score": 0.6639892904953146, "support": 489}, "9": {"precision": 0.9413407821229051, "recall": 0.6480769230769231, "f1-score": 0.7676537585421414, "support": 520}, "accuracy": 0.6934, "macro avg": {"precision": 0.8981973240732115, "recall": 0.6837384603947827, "f1-score": 0.7292163263849335, "support": 5000}, "weighted avg": {"precision": 0.8935972239449209, "recall": 0.6934, "f1-score": 0.7325866841581866, "support": 5000}}