{"0": {"precision": 0.9296066252587992, "recall": 0.9760869565217392, "f1-score": 0.9522799575821846, "support": 460}, "1": {"precision": 0.9272727272727272, "recall": 0.9824868651488616, "f1-score": 0.9540816326530612, "support": 571}, "2": {"precision": 0.904296875, "recall": 0.8735849056603774, "f1-score": 0.8886756238003838, "support": 530}, "3": {"precision": 0.8873239436619719, "recall": 0.882, "f1-score": 0.884653961885657, "support": 500}, "4": {"precision": 0.8793774319066148, "recall": 0.904, "f1-score": 0.8915187376725839, "support": 500}, "5": {"precision": 0.8459915611814346, "recall": 0.8793859649122807, "f1-score": 0.8623655913978495, "support": 456}, "6": {"precision": 0.9172113289760349, "recall": 0.9112554112554112, "f1-score": 0.9142236699239957, "support": 462}, "7": {"precision": 0.9032921810699589, "recall": 0.857421875, "f1-score": 0.879759519038076, "support": 512}, "8": {"precision": 0.8891352549889135, "recall": 0.820040899795501, "f1-score": 0.8531914893617022, "support": 489}, "9": {"precision": 0.861271676300578, "recall": 0.8596153846153847, "f1-score": 0.8604427333974976, "support": 520}, "accuracy": 0.895, "macro avg": {"precision": 0.8944779605617033, "recall": 0.8945878262909556, "f1-score": 0.8941192916712992, "support": 5000}, "weighted avg": {"precision": 0.8948755200770858, "recall": 0.895, "f1-score": 0.8945203203440795, "support": 5000}}