{"0": {"precision": 0.9156118143459916, "recall": 0.9434782608695652, "f1-score": 0.9293361884368309, "support": 460}, "1": {"precision": 0.9136807817589576, "recall": 0.9824868651488616, "f1-score": 0.9468354430379746, "support": 571}, "2": {"precision": 0.7952622673434856, "recall": 0.8867924528301887, "f1-score": 0.8385370205173951, "support": 530}, "3": {"precision": 0.8152866242038217, "recall": 0.768, "f1-score": 0.7909371781668384, "support": 500}, "4": {"precision": 0.8693069306930693, "recall": 0.878, "f1-score": 0.8736318407960199, "support": 500}, "5": {"precision": 0.7544910179640718, "recall": 0.8289473684210527, "f1-score": 0.7899686520376175, "support": 456}, "6": {"precision": 0.9140271493212669, "recall": 0.8744588744588745, "f1-score": 0.8938053097345133, "support": 462}, "7": {"precision": 0.8645418326693227, "recall": 0.84765625, "f1-score": 0.8560157790927021, "support": 512}, "8": {"precision": 0.9038961038961039, "recall": 0.7116564417177914, "f1-score": 0.7963386727688787, "support": 489}, "9": {"precision": 0.8097087378640777, "recall": 0.801923076923077, "f1-score": 0.8057971014492754, "support": 520}, "accuracy": 0.8538, "macro avg": {"precision": 0.8555813260060168, "recall": 0.8523399590369412, "f1-score": 0.8521203186038045, "support": 5000}, "weighted avg": {"precision": 0.8557413088246527, "recall": 0.8538, "f1-score": 0.8529429512141683, "support": 5000}}