{"0": {"precision": 0.9156118143459916, "recall": 0.9434782608695652, "f1-score": 0.9293361884368309, "support": 460}, "1": {"precision": 0.9151712887438825, "recall": 0.9824868651488616, "f1-score": 0.9476351351351351, "support": 571}, "2": {"precision": 0.793918918918919, "recall": 0.8867924528301887, "f1-score": 0.8377896613190732, "support": 530}, "3": {"precision": 0.8152866242038217, "recall": 0.768, "f1-score": 0.7909371781668384, "support": 500}, "4": {"precision": 0.8675889328063241, "recall": 0.878, "f1-score": 0.8727634194831013, "support": 500}, "5": {"precision": 0.7524950099800399, "recall": 0.8267543859649122, "f1-score": 0.7878787878787877, "support": 456}, "6": {"precision": 0.9160997732426304, "recall": 0.8744588744588745, "f1-score": 0.8947951273532669, "support": 462}, "7": {"precision": 0.8611111111111112, "recall": 0.84765625, "f1-score": 0.8543307086614174, "support": 512}, "8": {"precision": 0.9038961038961039, "recall": 0.7116564417177914, "f1-score": 0.7963386727688787, "support": 489}, "9": {"precision": 0.8128654970760234, "recall": 0.801923076923077, "f1-score": 0.8073572120038722, "support": 520}, "accuracy": 0.8536, "macro avg": {"precision": 0.8554045074324848, "recall": 0.8521206607913271, "f1-score": 0.8519162091207202, "support": 5000}, "weighted avg": {"precision": 0.8555838015933245, "recall": 0.8536, "f1-score": 0.852758777667552, "support": 5000}}