{"0": {"precision": 0.9267782426778243, "recall": 0.9630434782608696, "f1-score": 0.9445628997867804, "support": 460}, "1": {"precision": 0.9289256198347108, "recall": 0.9842381786339754, "f1-score": 0.9557823129251701, "support": 571}, "2": {"precision": 0.8234265734265734, "recall": 0.8886792452830189, "f1-score": 0.8548094373865699, "support": 530}, "3": {"precision": 0.8301886792452831, "recall": 0.792, "f1-score": 0.8106448311156602, "support": 500}, "4": {"precision": 0.883399209486166, "recall": 0.894, "f1-score": 0.8886679920477136, "support": 500}, "5": {"precision": 0.7837837837837838, "recall": 0.8267543859649122, "f1-score": 0.8046958377801494, "support": 456}, "6": {"precision": 0.9271070615034168, "recall": 0.8809523809523809, "f1-score": 0.9034406215316314, "support": 462}, "7": {"precision": 0.8817635270541082, "recall": 0.859375, "f1-score": 0.8704253214638972, "support": 512}, "8": {"precision": 0.9075425790754258, "recall": 0.7627811860940695, "f1-score": 0.8288888888888889, "support": 489}, "9": {"precision": 0.8383458646616542, "recall": 0.8576923076923076, "f1-score": 0.8479087452471482, "support": 520}, "accuracy": 0.8724, "macro avg": {"precision": 0.8731261140748947, "recall": 0.8709516162881534, "f1-score": 0.8709826888173609, "support": 5000}, "weighted avg": {"precision": 0.8733729026605717, "recall": 0.8724, "f1-score": 0.8718367791877643, "support": 5000}}