{"0": {"precision": 0.9120654396728016, "recall": 0.9695652173913043, "f1-score": 0.9399367755532139, "support": 460}, "1": {"precision": 0.9477234401349073, "recall": 0.9842381786339754, "f1-score": 0.9656357388316151, "support": 571}, "2": {"precision": 0.8724584103512015, "recall": 0.8905660377358491, "f1-score": 0.8814192343604109, "support": 530}, "3": {"precision": 0.8152985074626866, "recall": 0.874, "f1-score": 0.8436293436293436, "support": 500}, "4": {"precision": 0.8726235741444867, "recall": 0.918, "f1-score": 0.8947368421052632, "support": 500}, "5": {"precision": 0.8587699316628702, "recall": 0.8267543859649122, "f1-score": 0.8424581005586593, "support": 456}, "6": {"precision": 0.9479638009049773, "recall": 0.9069264069264069, "f1-score": 0.9269911504424779, "support": 462}, "7": {"precision": 0.8975903614457831, "recall": 0.873046875, "f1-score": 0.885148514851485, "support": 512}, "8": {"precision": 0.8954545454545455, "recall": 0.8057259713701431, "f1-score": 0.8482238966630785, "support": 489}, "9": {"precision": 0.8729838709677419, "recall": 0.8326923076923077, "f1-score": 0.8523622047244094, "support": 520}, "accuracy": 0.8892, "macro avg": {"precision": 0.8892931882202001, "recall": 0.8881515380714898, "f1-score": 0.8880541801719957, "support": 5000}, "weighted avg": {"precision": 0.8896035400806704, "recall": 0.8892, "f1-score": 0.8887441775187448, "support": 5000}}