{"0": {"precision": 0.9262295081967213, "recall": 0.9826086956521739, "f1-score": 0.9535864978902953, "support": 460}, "1": {"precision": 0.9494097807757167, "recall": 0.9859894921190894, "f1-score": 0.9673539518900344, "support": 571}, "2": {"precision": 0.8998144712430427, "recall": 0.9150943396226415, "f1-score": 0.9073900841908326, "support": 530}, "3": {"precision": 0.8623326959847036, "recall": 0.902, "f1-score": 0.8817204301075269, "support": 500}, "4": {"precision": 0.9146825396825397, "recall": 0.922, "f1-score": 0.9183266932270916, "support": 500}, "5": {"precision": 0.9304556354916067, "recall": 0.8508771929824561, "f1-score": 0.888888888888889, "support": 456}, "6": {"precision": 0.9465478841870824, "recall": 0.9199134199134199, "f1-score": 0.9330406147091109, "support": 462}, "7": {"precision": 0.9355509355509356, "recall": 0.87890625, "f1-score": 0.906344410876133, "support": 512}, "8": {"precision": 0.9094650205761317, "recall": 0.9038854805725971, "f1-score": 0.9066666666666666, "support": 489}, "9": {"precision": 0.8942307692307693, "recall": 0.8942307692307693, "f1-score": 0.8942307692307693, "support": 520}, "accuracy": 0.9164, "macro avg": {"precision": 0.916871924091925, "recall": 0.9155505640093148, "f1-score": 0.915754900767735, "support": 5000}, "weighted avg": {"precision": 0.9167822425056545, "recall": 0.9164, "f1-score": 0.9161511275089437, "support": 5000}}