{"0": {"precision": 0.941908713692946, "recall": 0.9869565217391304, "f1-score": 0.9639065817409765, "support": 460}, "1": {"precision": 0.9641638225255973, "recall": 0.989492119089317, "f1-score": 0.9766637856525496, "support": 571}, "2": {"precision": 0.9296296296296296, "recall": 0.9471698113207547, "f1-score": 0.9383177570093457, "support": 530}, "3": {"precision": 0.9064885496183206, "recall": 0.95, "f1-score": 0.927734375, "support": 500}, "4": {"precision": 0.9262135922330097, "recall": 0.954, "f1-score": 0.9399014778325123, "support": 500}, "5": {"precision": 0.955607476635514, "recall": 0.8969298245614035, "f1-score": 0.925339366515837, "support": 456}, "6": {"precision": 0.9578713968957872, "recall": 0.935064935064935, "f1-score": 0.9463307776560789, "support": 462}, "7": {"precision": 0.9533468559837728, "recall": 0.91796875, "f1-score": 0.9353233830845771, "support": 512}, "8": {"precision": 0.9493670886075949, "recall": 0.9202453987730062, "f1-score": 0.9345794392523364, "support": 489}, "9": {"precision": 0.9349112426035503, "recall": 0.9115384615384615, "f1-score": 0.923076923076923, "support": 520}, "accuracy": 0.9416, "macro avg": {"precision": 0.9419508368425722, "recall": 0.9409365822087008, "f1-score": 0.9411173866821138, "support": 5000}, "weighted avg": {"precision": 0.9419343726097079, "recall": 0.9416, "f1-score": 0.9414505750363381, "support": 5000}}