{"0": {"precision": 0.8588709677419355, "recall": 0.9260869565217391, "f1-score": 0.891213389121339, "support": 460}, "1": {"precision": 0.9163934426229509, "recall": 0.978984238178634, "f1-score": 0.9466553767993228, "support": 571}, "2": {"precision": 0.8645418326693227, "recall": 0.8188679245283019, "f1-score": 0.8410852713178294, "support": 530}, "3": {"precision": 0.8152610441767069, "recall": 0.812, "f1-score": 0.8136272545090181, "support": 500}, "4": {"precision": 0.8377862595419847, "recall": 0.878, "f1-score": 0.8574218749999999, "support": 500}, "5": {"precision": 0.7224489795918367, "recall": 0.7763157894736842, "f1-score": 0.748414376321353, "support": 456}, "6": {"precision": 0.9002267573696145, "recall": 0.8593073593073594, "f1-score": 0.8792912513842748, "support": 462}, "7": {"precision": 0.8577154308617234, "recall": 0.8359375, "f1-score": 0.8466864490603363, "support": 512}, "8": {"precision": 0.8212669683257918, "recall": 0.7423312883435583, "f1-score": 0.7798066595059078, "support": 489}, "9": {"precision": 0.8132530120481928, "recall": 0.7788461538461539, "f1-score": 0.7956777996070726, "support": 520}, "accuracy": 0.8422, "macro avg": {"precision": 0.8407764694950061, "recall": 0.8406677210199429, "f1-score": 0.8399879702626454, "support": 5000}, "weighted avg": {"precision": 0.8424110070098594, "recall": 0.8422, "f1-score": 0.8415778051312438, "support": 5000}}