{"0": {"precision": 0.9269311064718163, "recall": 0.9652173913043478, "f1-score": 0.9456869009584665, "support": 460}, "1": {"precision": 0.9033816425120773, "recall": 0.9824868651488616, "f1-score": 0.9412751677852349, "support": 571}, "2": {"precision": 0.9112903225806451, "recall": 0.8528301886792453, "f1-score": 0.8810916179337231, "support": 530}, "3": {"precision": 0.8762677484787018, "recall": 0.864, "f1-score": 0.8700906344410875, "support": 500}, "4": {"precision": 0.8674463937621832, "recall": 0.89, "f1-score": 0.87857847976308, "support": 500}, "5": {"precision": 0.8198757763975155, "recall": 0.868421052631579, "f1-score": 0.8434504792332268, "support": 456}, "6": {"precision": 0.9008620689655172, "recall": 0.9047619047619048, "f1-score": 0.9028077753779697, "support": 462}, "7": {"precision": 0.8927835051546392, "recall": 0.845703125, "f1-score": 0.8686058174523572, "support": 512}, "8": {"precision": 0.8767123287671232, "recall": 0.7852760736196319, "f1-score": 0.8284789644012945, "support": 489}, "9": {"precision": 0.8428030303030303, "recall": 0.8557692307692307, "f1-score": 0.849236641221374, "support": 520}, "accuracy": 0.882, "macro avg": {"precision": 0.881835392339325, "recall": 0.8814465831914801, "f1-score": 0.8809302478567813, "support": 5000}, "weighted avg": {"precision": 0.8822393716005652, "recall": 0.882, "f1-score": 0.8813926532342297, "support": 5000}}