{"0": {"precision": 0.6007194244604317, "recall": 0.3630434782608696, "f1-score": 0.45257452574525747, "support": 460}, "1": {"precision": 0.5345454545454545, "recall": 0.5148861646234676, "f1-score": 0.5245316681534344, "support": 571}, "2": {"precision": 0.3684210526315789, "recall": 0.21132075471698114, "f1-score": 0.2685851318944844, "support": 530}, "3": {"precision": 0.4702702702702703, "recall": 0.174, "f1-score": 0.25401459854014596, "support": 500}, "4": {"precision": 0.5810055865921788, "recall": 0.208, "f1-score": 0.3063328424153166, "support": 500}, "5": {"precision": 0.06801831262262917, "recall": 0.22807017543859648, "f1-score": 0.1047858942065491, "support": 456}, "6": {"precision": 0.3556701030927835, "recall": 0.14935064935064934, "f1-score": 0.21036585365853655, "support": 462}, "7": {"precision": 0.375, "recall": 0.369140625, "f1-score": 0.3720472440944882, "support": 512}, "8": {"precision": 0.04748603351955307, "recall": 0.10429447852760736, "f1-score": 0.0652591170825336, "support": 489}, "9": {"precision": 0.2019704433497537, "recall": 0.07884615384615384, "f1-score": 0.11341632088520055, "support": 520}, "accuracy": 0.2436, "macro avg": {"precision": 0.36031066810846335, "recall": 0.24009524797643253, "f1-score": 0.2671913196675947, "support": 5000}, "weighted avg": {"precision": 0.3636077430481865, "recall": 0.2436, "f1-score": 0.2713126961957418, "support": 5000}}