{"0": {"precision": 0.9288793103448276, "recall": 0.9369565217391305, "f1-score": 0.9329004329004329, "support": 460}, "1": {"precision": 0.7766990291262136, "recall": 0.9807355516637478, "f1-score": 0.8668730650154798, "support": 571}, "2": {"precision": 0.8967889908256881, "recall": 0.7377358490566037, "f1-score": 0.8095238095238095, "support": 530}, "3": {"precision": 0.8413361169102297, "recall": 0.806, "f1-score": 0.8232890704800818, "support": 500}, "4": {"precision": 0.8120300751879699, "recall": 0.864, "f1-score": 0.8372093023255813, "support": 500}, "5": {"precision": 0.7681159420289855, "recall": 0.8135964912280702, "f1-score": 0.790202342917998, "support": 456}, "6": {"precision": 0.8777292576419214, "recall": 0.8701298701298701, "f1-score": 0.8739130434782609, "support": 462}, "7": {"precision": 0.8661087866108786, "recall": 0.80859375, "f1-score": 0.8363636363636362, "support": 512}, "8": {"precision": 0.8646616541353384, "recall": 0.7055214723926381, "f1-score": 0.777027027027027, "support": 489}, "9": {"precision": 0.7890909090909091, "recall": 0.8346153846153846, "f1-score": 0.811214953271028, "support": 520}, "accuracy": 0.8366, "macro avg": {"precision": 0.8421440071902963, "recall": 0.8357884890825444, "f1-score": 0.8358516683303335, "support": 5000}, "weighted avg": {"precision": 0.8410254393032821, "recall": 0.8366, "f1-score": 0.835502358580277, "support": 5000}}