{"0": {"precision": 0.9071729957805907, "recall": 0.9347826086956522, "f1-score": 0.9207708779443255, "support": 460}, "1": {"precision": 0.9090909090909091, "recall": 0.9807355516637478, "f1-score": 0.9435551811288964, "support": 571}, "2": {"precision": 0.8509803921568627, "recall": 0.8188679245283019, "f1-score": 0.8346153846153845, "support": 530}, "3": {"precision": 0.8466386554621849, "recall": 0.806, "f1-score": 0.8258196721311475, "support": 500}, "4": {"precision": 0.8544061302681992, "recall": 0.892, "f1-score": 0.87279843444227, "support": 500}, "5": {"precision": 0.7286821705426356, "recall": 0.8245614035087719, "f1-score": 0.7736625514403292, "support": 456}, "6": {"precision": 0.9119638826185101, "recall": 0.8744588744588745, "f1-score": 0.892817679558011, "support": 462}, "7": {"precision": 0.8571428571428571, "recall": 0.83203125, "f1-score": 0.8444003964321108, "support": 512}, "8": {"precision": 0.8607888631090487, "recall": 0.7586912065439673, "f1-score": 0.8065217391304347, "support": 489}, "9": {"precision": 0.8213592233009709, "recall": 0.8134615384615385, "f1-score": 0.817391304347826, "support": 520}, "accuracy": 0.8546, "macro avg": {"precision": 0.8548226079472769, "recall": 0.8535590357860855, "f1-score": 0.8532353221170735, "support": 5000}, "weighted avg": {"precision": 0.8556857128858952, "recall": 0.8546, "f1-score": 0.8542034644986674, "support": 5000}}