{"0": {"precision": 0.9262295081967213, "recall": 0.9826086956521739, "f1-score": 0.9535864978902953, "support": 460}, "1": {"precision": 0.9510135135135135, "recall": 0.9859894921190894, "f1-score": 0.9681857265692175, "support": 571}, "2": {"precision": 0.9001848428835489, "recall": 0.9188679245283019, "f1-score": 0.9094304388422035, "support": 530}, "3": {"precision": 0.8639846743295019, "recall": 0.902, "f1-score": 0.882583170254403, "support": 500}, "4": {"precision": 0.9137254901960784, "recall": 0.932, "f1-score": 0.9227722772277228, "support": 500}, "5": {"precision": 0.9149425287356322, "recall": 0.8728070175438597, "f1-score": 0.8933782267115601, "support": 456}, "6": {"precision": 0.9486607142857143, "recall": 0.9199134199134199, "f1-score": 0.9340659340659341, "support": 462}, "7": {"precision": 0.922920892494929, "recall": 0.888671875, "f1-score": 0.9054726368159205, "support": 512}, "8": {"precision": 0.9308855291576674, "recall": 0.8813905930470347, "f1-score": 0.9054621848739496, "support": 489}, "9": {"precision": 0.905511811023622, "recall": 0.8846153846153846, "f1-score": 0.8949416342412451, "support": 520}, "accuracy": 0.9176, "macro avg": {"precision": 0.9178059504816929, "recall": 0.9168864402419266, "f1-score": 0.9169878727492451, "support": 5000}, "weighted avg": {"precision": 0.9178294089058029, "recall": 0.9176, "f1-score": 0.9173642552810967, "support": 5000}}