{"0": {"precision": 0.9316770186335404, "recall": 0.9782608695652174, "f1-score": 0.9544008483563096, "support": 460}, "1": {"precision": 0.9463087248322147, "recall": 0.9877408056042032, "f1-score": 0.9665809768637532, "support": 571}, "2": {"precision": 0.9033457249070632, "recall": 0.9169811320754717, "f1-score": 0.9101123595505618, "support": 530}, "3": {"precision": 0.8487712665406427, "recall": 0.898, "f1-score": 0.8726919339164237, "support": 500}, "4": {"precision": 0.8952380952380953, "recall": 0.94, "f1-score": 0.9170731707317075, "support": 500}, "5": {"precision": 0.9026128266033254, "recall": 0.8333333333333334, "f1-score": 0.8665906499429875, "support": 456}, "6": {"precision": 0.9381898454746137, "recall": 0.9199134199134199, "f1-score": 0.9289617486338798, "support": 462}, "7": {"precision": 0.9249492900608519, "recall": 0.890625, "f1-score": 0.9074626865671641, "support": 512}, "8": {"precision": 0.9308855291576674, "recall": 0.8813905930470347, "f1-score": 0.9054621848739496, "support": 489}, "9": {"precision": 0.9098196392785571, "recall": 0.8730769230769231, "f1-score": 0.8910696761530913, "support": 520}, "accuracy": 0.913, "macro avg": {"precision": 0.9131797960726573, "recall": 0.9119322076615604, "f1-score": 0.9120406235589827, "support": 5000}, "weighted avg": {"precision": 0.9133220111550457, "recall": 0.913, "f1-score": 0.9126556061374362, "support": 5000}}