{"0": {"precision": 0.9336099585062241, "recall": 0.9782608695652174, "f1-score": 0.9554140127388534, "support": 460}, "1": {"precision": 0.946218487394958, "recall": 0.9859894921190894, "f1-score": 0.9656946826758148, "support": 571}, "2": {"precision": 0.9077212806026366, "recall": 0.909433962264151, "f1-score": 0.9085768143261074, "support": 530}, "3": {"precision": 0.8445692883895131, "recall": 0.902, "f1-score": 0.8723404255319148, "support": 500}, "4": {"precision": 0.8952380952380953, "recall": 0.94, "f1-score": 0.9170731707317075, "support": 500}, "5": {"precision": 0.9055690072639225, "recall": 0.8201754385964912, "f1-score": 0.8607594936708861, "support": 456}, "6": {"precision": 0.9380530973451328, "recall": 0.9177489177489178, "f1-score": 0.9277899343544858, "support": 462}, "7": {"precision": 0.9281314168377823, "recall": 0.8828125, "f1-score": 0.9049049049049049, "support": 512}, "8": {"precision": 0.9100418410041841, "recall": 0.8895705521472392, "f1-score": 0.8996897621509824, "support": 489}, "9": {"precision": 0.9065606361829026, "recall": 0.8769230769230769, "f1-score": 0.8914956011730205, "support": 520}, "accuracy": 0.9114, "macro avg": {"precision": 0.911571310876535, "recall": 0.9102914809364183, "f1-score": 0.9103738802258677, "support": 5000}, "weighted avg": {"precision": 0.9117385165042969, "recall": 0.9114, "f1-score": 0.911027443158244, "support": 5000}}