{"0": {"precision": 0.9661399548532731, "recall": 0.9304347826086956, "f1-score": 0.9479512735326688, "support": 460}, "1": {"precision": 0.9429530201342282, "recall": 0.9842381786339754, "f1-score": 0.963153384747215, "support": 571}, "2": {"precision": 0.9346153846153846, "recall": 0.9169811320754717, "f1-score": 0.9257142857142858, "support": 530}, "3": {"precision": 0.931958762886598, "recall": 0.904, "f1-score": 0.9177664974619288, "support": 500}, "4": {"precision": 0.849290780141844, "recall": 0.958, "f1-score": 0.9003759398496239, "support": 500}, "5": {"precision": 0.87, "recall": 0.9539473684210527, "f1-score": 0.9100418410041841, "support": 456}, "6": {"precision": 0.9473684210526315, "recall": 0.935064935064935, "f1-score": 0.9411764705882352, "support": 462}, "7": {"precision": 0.9158316633266533, "recall": 0.892578125, "f1-score": 0.904055390702275, "support": 512}, "8": {"precision": 0.9446902654867256, "recall": 0.8732106339468303, "f1-score": 0.9075451647183848, "support": 489}, "9": {"precision": 0.9360824742268041, "recall": 0.8730769230769231, "f1-score": 0.9034825870646767, "support": 520}, "accuracy": 0.9224, "macro avg": {"precision": 0.9238930726724142, "recall": 0.9221532078827883, "f1-score": 0.9221262835383477, "support": 5000}, "weighted avg": {"precision": 0.9241695855320068, "recall": 0.9224, "f1-score": 0.9223994916740388, "support": 5000}}