{"0": {"precision": 0.9588744588744589, "recall": 0.9630434782608696, "f1-score": 0.9609544468546637, "support": 460}, "1": {"precision": 0.949238578680203, "recall": 0.9824868651488616, "f1-score": 0.9655765920826161, "support": 571}, "2": {"precision": 0.9482758620689655, "recall": 0.9339622641509434, "f1-score": 0.94106463878327, "support": 530}, "3": {"precision": 0.9174852652259332, "recall": 0.934, "f1-score": 0.9256689791873142, "support": 500}, "4": {"precision": 0.9161904761904762, "recall": 0.962, "f1-score": 0.9385365853658537, "support": 500}, "5": {"precision": 0.9216101694915254, "recall": 0.9539473684210527, "f1-score": 0.9374999999999999, "support": 456}, "6": {"precision": 0.9583333333333334, "recall": 0.9458874458874459, "f1-score": 0.9520697167755992, "support": 462}, "7": {"precision": 0.9353535353535354, "recall": 0.904296875, "f1-score": 0.9195630585898709, "support": 512}, "8": {"precision": 0.9588744588744589, "recall": 0.9059304703476483, "f1-score": 0.9316508937960043, "support": 489}, "9": {"precision": 0.9347826086956522, "recall": 0.9096153846153846, "f1-score": 0.9220272904483431, "support": 520}, "accuracy": 0.9396, "macro avg": {"precision": 0.9399018746788542, "recall": 0.9395170151832207, "f1-score": 0.9394612201883534, "support": 5000}, "weighted avg": {"precision": 0.9398806742827798, "recall": 0.9396, "f1-score": 0.9394908587423523, "support": 5000}}