{"0": {"precision": 0.9740820734341252, "recall": 0.9804347826086957, "f1-score": 0.9772481040086672, "support": 460}, "1": {"precision": 0.962457337883959, "recall": 0.9877408056042032, "f1-score": 0.9749351771823682, "support": 571}, "2": {"precision": 0.967741935483871, "recall": 0.9622641509433962, "f1-score": 0.9649952696310312, "support": 530}, "3": {"precision": 0.960552268244576, "recall": 0.974, "f1-score": 0.9672293942403178, "support": 500}, "4": {"precision": 0.9566929133858267, "recall": 0.972, "f1-score": 0.9642857142857142, "support": 500}, "5": {"precision": 0.9690949227373068, "recall": 0.9627192982456141, "f1-score": 0.9658965896589659, "support": 456}, "6": {"precision": 0.971677559912854, "recall": 0.9653679653679653, "f1-score": 0.9685124864277959, "support": 462}, "7": {"precision": 0.9601593625498008, "recall": 0.94140625, "f1-score": 0.9506903353057199, "support": 512}, "8": {"precision": 0.9792099792099792, "recall": 0.9631901840490797, "f1-score": 0.9711340206185568, "support": 489}, "9": {"precision": 0.9591439688715954, "recall": 0.948076923076923, "f1-score": 0.95357833655706, "support": 520}, "accuracy": 0.9658, "macro avg": {"precision": 0.9660812321713894, "recall": 0.9657200359895878, "f1-score": 0.9658505427916196, "support": 5000}, "weighted avg": {"precision": 0.9658358330106898, "recall": 0.9658, "f1-score": 0.9657654995130771, "support": 5000}}