{"0": {"precision": 0.934156378600823, "recall": 0.9869565217391304, "f1-score": 0.9598308668076109, "support": 460}, "1": {"precision": 0.9395973154362416, "recall": 0.9807355516637478, "f1-score": 0.959725792630677, "support": 571}, "2": {"precision": 0.919921875, "recall": 0.8886792452830189, "f1-score": 0.9040307101727446, "support": 530}, "3": {"precision": 0.8871287128712871, "recall": 0.896, "f1-score": 0.8915422885572138, "support": 500}, "4": {"precision": 0.8978388998035364, "recall": 0.914, "f1-score": 0.9058473736372646, "support": 500}, "5": {"precision": 0.8782608695652174, "recall": 0.8859649122807017, "f1-score": 0.8820960698689956, "support": 456}, "6": {"precision": 0.9245689655172413, "recall": 0.9285714285714286, "f1-score": 0.9265658747300216, "support": 462}, "7": {"precision": 0.9134020618556701, "recall": 0.865234375, "f1-score": 0.888665997993982, "support": 512}, "8": {"precision": 0.8952991452991453, "recall": 0.8568507157464212, "f1-score": 0.8756530825496343, "support": 489}, "9": {"precision": 0.8776699029126214, "recall": 0.8692307692307693, "f1-score": 0.8734299516908213, "support": 520}, "accuracy": 0.9074, "macro avg": {"precision": 0.9067844126861784, "recall": 0.9072223519515219, "f1-score": 0.9067388008638966, "support": 5000}, "weighted avg": {"precision": 0.9071507414369074, "recall": 0.9074, "f1-score": 0.9070081798033721, "support": 5000}}