{"0": {"precision": 0.9138655462184874, "recall": 0.9456521739130435, "f1-score": 0.9294871794871796, "support": 460}, "1": {"precision": 0.9136807817589576, "recall": 0.9824868651488616, "f1-score": 0.9468354430379746, "support": 571}, "2": {"precision": 0.7952622673434856, "recall": 0.8867924528301887, "f1-score": 0.8385370205173951, "support": 530}, "3": {"precision": 0.815677966101695, "recall": 0.77, "f1-score": 0.7921810699588477, "support": 500}, "4": {"precision": 0.8707753479125249, "recall": 0.876, "f1-score": 0.8733798604187437, "support": 500}, "5": {"precision": 0.7550200803212851, "recall": 0.8245614035087719, "f1-score": 0.7882599580712788, "support": 456}, "6": {"precision": 0.9181818181818182, "recall": 0.8744588744588745, "f1-score": 0.8957871396895788, "support": 462}, "7": {"precision": 0.8642714570858283, "recall": 0.845703125, "f1-score": 0.8548864758144126, "support": 512}, "8": {"precision": 0.9020618556701031, "recall": 0.7157464212678937, "f1-score": 0.798175598631699, "support": 489}, "9": {"precision": 0.8085106382978723, "recall": 0.8038461538461539, "f1-score": 0.8061716489874639, "support": 520}, "accuracy": 0.854, "macro avg": {"precision": 0.8557307758892059, "recall": 0.8525247469973788, "f1-score": 0.8523701394614573, "support": 5000}, "weighted avg": {"precision": 0.8558670916672101, "recall": 0.854, "f1-score": 0.8531862853680503, "support": 5000}}