{"0": {"precision": 0.9251559251559252, "recall": 0.967391304347826, "f1-score": 0.9458023379383634, "support": 460}, "1": {"precision": 0.9166666666666666, "recall": 0.9824868651488616, "f1-score": 0.94843617920541, "support": 571}, "2": {"precision": 0.916, "recall": 0.8641509433962264, "f1-score": 0.8893203883495147, "support": 530}, "3": {"precision": 0.8800813008130082, "recall": 0.866, "f1-score": 0.872983870967742, "support": 500}, "4": {"precision": 0.8796844181459567, "recall": 0.892, "f1-score": 0.8857994041708045, "support": 500}, "5": {"precision": 0.8247422680412371, "recall": 0.8771929824561403, "f1-score": 0.8501594048884166, "support": 456}, "6": {"precision": 0.911062906724512, "recall": 0.9090909090909091, "f1-score": 0.9100758396533045, "support": 462}, "7": {"precision": 0.8987603305785123, "recall": 0.849609375, "f1-score": 0.8734939759036144, "support": 512}, "8": {"precision": 0.8861607142857143, "recall": 0.8118609406952966, "f1-score": 0.847385272145144, "support": 489}, "9": {"precision": 0.8471698113207548, "recall": 0.8634615384615385, "f1-score": 0.8552380952380954, "support": 520}, "accuracy": 0.8888, "macro avg": {"precision": 0.8885484341732287, "recall": 0.88832448585968, "f1-score": 0.8878694768460409, "support": 5000}, "weighted avg": {"precision": 0.8890741938560217, "recall": 0.8888, "f1-score": 0.8883618853973665, "support": 5000}}