{"0": {"precision": 0.5622895622895623, "recall": 0.3630434782608696, "f1-score": 0.44121532364597094, "support": 460}, "1": {"precision": 0.5293040293040293, "recall": 0.5061295971978984, "f1-score": 0.5174574753804834, "support": 571}, "2": {"precision": 0.3727598566308244, "recall": 0.19622641509433963, "f1-score": 0.25710754017305315, "support": 530}, "3": {"precision": 0.4057142857142857, "recall": 0.142, "f1-score": 0.21037037037037035, "support": 500}, "4": {"precision": 0.5904255319148937, "recall": 0.222, "f1-score": 0.3226744186046512, "support": 500}, "5": {"precision": 0.060526315789473685, "recall": 0.20175438596491227, "f1-score": 0.0931174089068826, "support": 456}, "6": {"precision": 0.40606060606060607, "recall": 0.14502164502164502, "f1-score": 0.21371610845295055, "support": 462}, "7": {"precision": 0.37166324435318276, "recall": 0.353515625, "f1-score": 0.36236236236236236, "support": 512}, "8": {"precision": 0.04401408450704225, "recall": 0.10224948875255624, "f1-score": 0.06153846153846153, "support": 489}, "9": {"precision": 0.21739130434782608, "recall": 0.08653846153846154, "f1-score": 0.12379642365887207, "support": 520}, "accuracy": 0.2354, "macro avg": {"precision": 0.3560148820911726, "recall": 0.2318479096830683, "f1-score": 0.2603355893094058, "support": 5000}, "weighted avg": {"precision": 0.35931527578167377, "recall": 0.2354, "f1-score": 0.26448220323797683, "support": 5000}}