{"0": {"precision": 1.0, "recall": 0.7326086956521739, "f1-score": 0.8456712672521957, "support": 460}, "1": {"precision": 0.9927667269439421, "recall": 0.9614711033274956, "f1-score": 0.9768683274021351, "support": 571}, "2": {"precision": 0.30339666090961426, "recall": 0.9943396226415094, "f1-score": 0.4649316277018085, "support": 530}, "3": {"precision": 0.8912579957356077, "recall": 0.836, "f1-score": 0.8627450980392157, "support": 500}, "4": {"precision": 0.9675675675675676, "recall": 0.716, "f1-score": 0.8229885057471263, "support": 500}, "5": {"precision": 0.9952153110047847, "recall": 0.45614035087719296, "f1-score": 0.6255639097744361, "support": 456}, "6": {"precision": 0.9964788732394366, "recall": 0.6125541125541125, "f1-score": 0.7587131367292225, "support": 462}, "7": {"precision": 0.985632183908046, "recall": 0.669921875, "f1-score": 0.7976744186046512, "support": 512}, "8": {"precision": 0.9566666666666667, "recall": 0.5869120654396728, "f1-score": 0.7275031685678074, "support": 489}, "9": {"precision": 0.9414758269720102, "recall": 0.7115384615384616, "f1-score": 0.8105147864184008, "support": 520}, "accuracy": 0.736, "macro avg": {"precision": 0.9030457812947675, "recall": 0.7277486287030619, "f1-score": 0.7693174246236999, "support": 5000}, "weighted avg": {"precision": 0.8986590684919682, "recall": 0.736, "f1-score": 0.7714979630353219, "support": 5000}}