{"0": {"precision": 0.9535864978902954, "recall": 0.9826086956521739, "f1-score": 0.9678800856531049, "support": 460}, "1": {"precision": 0.9322314049586777, "recall": 0.9877408056042032, "f1-score": 0.9591836734693878, "support": 571}, "2": {"precision": 0.9576923076923077, "recall": 0.939622641509434, "f1-score": 0.9485714285714285, "support": 530}, "3": {"precision": 0.9430255402750491, "recall": 0.96, "f1-score": 0.9514370664023786, "support": 500}, "4": {"precision": 0.939453125, "recall": 0.962, "f1-score": 0.950592885375494, "support": 500}, "5": {"precision": 0.9703872437357631, "recall": 0.9342105263157895, "f1-score": 0.9519553072625698, "support": 456}, "6": {"precision": 0.9585152838427947, "recall": 0.9502164502164502, "f1-score": 0.9543478260869565, "support": 462}, "7": {"precision": 0.950199203187251, "recall": 0.931640625, "f1-score": 0.9408284023668639, "support": 512}, "8": {"precision": 0.9744680851063829, "recall": 0.9366053169734151, "f1-score": 0.9551616266944735, "support": 489}, "9": {"precision": 0.949119373776908, "recall": 0.9326923076923077, "f1-score": 0.9408341416100874, "support": 520}, "accuracy": 0.952, "macro avg": {"precision": 0.952867806546543, "recall": 0.9517337368963774, "f1-score": 0.9520792443492745, "support": 5000}, "weighted avg": {"precision": 0.9523319562534309, "recall": 0.952, "f1-score": 0.9519377593699649, "support": 5000}}