{"0": {"precision": 0.96875, "recall": 0.26956521739130435, "f1-score": 0.42176870748299317, "support": 460}, "1": {"precision": 0.12089773449078975, "recall": 1.0, "f1-score": 0.21571590479788438, "support": 571}, "2": {"precision": 1.0, "recall": 0.04905660377358491, "f1-score": 0.09352517985611511, "support": 530}, "3": {"precision": 0.6212121212121212, "recall": 0.082, "f1-score": 0.14487632508833925, "support": 500}, "4": {"precision": 0.0, "recall": 0.0, "f1-score": 0.0, "support": 500}, "5": {"precision": 0.0, "recall": 0.0, "f1-score": 0.0, "support": 456}, "6": {"precision": 0.7857142857142857, "recall": 0.07142857142857142, "f1-score": 0.13095238095238093, "support": 462}, "7": {"precision": 0.4444444444444444, "recall": 0.0078125, "f1-score": 0.015355086372360844, "support": 512}, "8": {"precision": 1.0, "recall": 0.012269938650306749, "f1-score": 0.024242424242424246, "support": 489}, "9": {"precision": 0.0, "recall": 0.0, "f1-score": 0.0, "support": 520}, "accuracy": 0.161, "macro avg": {"precision": 0.4941018585861642, "recall": 0.14921328312437673, "f1-score": 0.10464360087924977, "support": 5000}, "weighted avg": {"precision": 0.4869638445111715, "recall": 0.161, "f1-score": 0.10388204892537474, "support": 5000}}