{"0": {"precision": 0.9675324675324676, "recall": 0.9717391304347827, "f1-score": 0.9696312364425164, "support": 460}, "1": {"precision": 0.9559322033898305, "recall": 0.9877408056042032, "f1-score": 0.9715762273901809, "support": 571}, "2": {"precision": 0.9568480300187617, "recall": 0.9622641509433962, "f1-score": 0.9595484477892757, "support": 530}, "3": {"precision": 0.9619238476953907, "recall": 0.96, "f1-score": 0.9609609609609608, "support": 500}, "4": {"precision": 0.9354207436399217, "recall": 0.956, "f1-score": 0.9455984174085064, "support": 500}, "5": {"precision": 0.9444444444444444, "recall": 0.9692982456140351, "f1-score": 0.9567099567099567, "support": 456}, "6": {"precision": 0.9673202614379085, "recall": 0.961038961038961, "f1-score": 0.9641693811074918, "support": 462}, "7": {"precision": 0.952, "recall": 0.9296875, "f1-score": 0.9407114624505929, "support": 512}, "8": {"precision": 0.9764957264957265, "recall": 0.934560327198364, "f1-score": 0.955067920585162, "support": 489}, "9": {"precision": 0.9392156862745098, "recall": 0.9211538461538461, "f1-score": 0.9300970873786407, "support": 520}, "accuracy": 0.9554, "macro avg": {"precision": 0.9557133410928961, "recall": 0.9553482966987588, "f1-score": 0.9554071098223285, "support": 5000}, "weighted avg": {"precision": 0.9555190338696528, "recall": 0.9554, "f1-score": 0.9553339445651087, "support": 5000}}