{"0": {"precision": 0.9375, "recall": 0.03260869565217391, "f1-score": 0.06302521008403361, "support": 460}, "1": {"precision": 0.11456661316211877, "recall": 1.0, "f1-score": 0.20558055805580558, "support": 571}, "2": {"precision": 0.0, "recall": 0.0, "f1-score": 0.0, "support": 530}, "3": {"precision": 0.0, "recall": 0.0, "f1-score": 0.0, "support": 500}, "4": {"precision": 0.0, "recall": 0.0, "f1-score": 0.0, "support": 500}, "5": {"precision": 0.0, "recall": 0.0, "f1-score": 0.0, "support": 456}, "6": {"precision": 0.0, "recall": 0.0, "f1-score": 0.0, "support": 462}, "7": {"precision": 0.0, "recall": 0.0, "f1-score": 0.0, "support": 512}, "8": {"precision": 0.0, "recall": 0.0, "f1-score": 0.0, "support": 489}, "9": {"precision": 0.0, "recall": 0.0, "f1-score": 0.0, "support": 520}, "accuracy": 0.1172, "macro avg": {"precision": 0.10520666131621188, "recall": 0.10326086956521738, "f1-score": 0.026860576813983916, "support": 5000}, "weighted avg": {"precision": 0.09933350722311396, "recall": 0.1172, "f1-score": 0.02927561905770409, "support": 5000}}