{"0": {"precision": 0.9322799097065463, "recall": 0.8978260869565218, "f1-score": 0.9147286821705427, "support": 460}, "1": {"precision": 0.7692307692307693, "recall": 0.9807355516637478, "f1-score": 0.8622016936104696, "support": 571}, "2": {"precision": 0.8367768595041323, "recall": 0.7641509433962265, "f1-score": 0.7988165680473374, "support": 530}, "3": {"precision": 0.8102678571428571, "recall": 0.726, "f1-score": 0.7658227848101266, "support": 500}, "4": {"precision": 0.7584905660377359, "recall": 0.804, "f1-score": 0.7805825242718446, "support": 500}, "5": {"precision": 0.6589285714285714, "recall": 0.8092105263157895, "f1-score": 0.7263779527559054, "support": 456}, "6": {"precision": 0.8836104513064132, "recall": 0.8051948051948052, "f1-score": 0.8425821064552662, "support": 462}, "7": {"precision": 0.8553459119496856, "recall": 0.796875, "f1-score": 0.8250758341759352, "support": 512}, "8": {"precision": 0.9019607843137255, "recall": 0.5644171779141104, "f1-score": 0.6943396226415094, "support": 489}, "9": {"precision": 0.7081260364842454, "recall": 0.8211538461538461, "f1-score": 0.7604630454140694, "support": 520}, "accuracy": 0.799, "macro avg": {"precision": 0.8115017717104683, "recall": 0.7969563937595048, "f1-score": 0.7970990814353006, "support": 5000}, "weighted avg": {"precision": 0.8103742802635434, "recall": 0.799, "f1-score": 0.7975161524560441, "support": 5000}}