{"0": {"precision": 1.0, "recall": 0.3934782608695652, "f1-score": 0.5647425897035881, "support": 460}, "1": {"precision": 0.9962264150943396, "recall": 0.9246935201401051, "f1-score": 0.9591280653950954, "support": 571}, "2": {"precision": 0.2089968152866242, "recall": 0.9905660377358491, "f1-score": 0.3451676528599605, "support": 530}, "3": {"precision": 1.0, "recall": 0.364, "f1-score": 0.5337243401759532, "support": 500}, "4": {"precision": 0.5708762886597938, "recall": 0.886, "f1-score": 0.6943573667711599, "support": 500}, "5": {"precision": 1.0, "recall": 0.05043859649122807, "f1-score": 0.09603340292275572, "support": 456}, "6": {"precision": 1.0, "recall": 0.4155844155844156, "f1-score": 0.5871559633027523, "support": 462}, "7": {"precision": 0.9631901840490797, "recall": 0.61328125, "f1-score": 0.7494033412887828, "support": 512}, "8": {"precision": 1.0, "recall": 0.028629856850715747, "f1-score": 0.055666003976143144, "support": 489}, "9": {"precision": 0.9431818181818182, "recall": 0.47884615384615387, "f1-score": 0.6352040816326531, "support": 520}, "accuracy": 0.5302, "macro avg": {"precision": 0.8682471521271655, "recall": 0.5145518091518032, "f1-score": 0.5220582808028844, "support": 5000}, "weighted avg": {"precision": 0.8631319318276699, "recall": 0.5302, "f1-score": 0.5321404044010809, "support": 5000}}