{"0": {"precision": 0.9409282700421941, "recall": 0.9695652173913043, "f1-score": 0.9550321199143469, "support": 460}, "1": {"precision": 0.9524617996604414, "recall": 0.9824868651488616, "f1-score": 0.9672413793103447, "support": 571}, "2": {"precision": 0.8933823529411765, "recall": 0.9169811320754717, "f1-score": 0.9050279329608939, "support": 530}, "3": {"precision": 0.9094922737306843, "recall": 0.824, "f1-score": 0.8646379853095487, "support": 500}, "4": {"precision": 0.8832684824902723, "recall": 0.908, "f1-score": 0.8954635108481263, "support": 500}, "5": {"precision": 0.8210116731517509, "recall": 0.9254385964912281, "f1-score": 0.8701030927835052, "support": 456}, "6": {"precision": 0.9403973509933775, "recall": 0.922077922077922, "f1-score": 0.9311475409836065, "support": 462}, "7": {"precision": 0.9087221095334685, "recall": 0.875, "f1-score": 0.891542288557214, "support": 512}, "8": {"precision": 0.9317647058823529, "recall": 0.8098159509202454, "f1-score": 0.8665207877461707, "support": 489}, "9": {"precision": 0.8576709796672828, "recall": 0.8923076923076924, "f1-score": 0.8746465598491988, "support": 520}, "accuracy": 0.903, "macro avg": {"precision": 0.9039099998093002, "recall": 0.9025673376412726, "f1-score": 0.9021363198262955, "support": 5000}, "weighted avg": {"precision": 0.9044576373591111, "recall": 0.903, "f1-score": 0.9026593715218753, "support": 5000}}